year,month,day,phase
1994,1,1,waning gibbous
1994,1,2,waning gibbous
1994,1,3,waning gibbous
1994,1,4,last quarter
1994,1,5,last quarter
1994,1,6,waning crescent
1994,1,7,waning crescent
1994,1,8,waning crescent
1994,1,9,waning crescent
1994,1,10,waning crescent
1994,1,11,new moon
1994,1,12,waxing crescent
1994,1,13,waxing crescent
1994,1,14,waxing crescent
1994,1,15,waxing crescent
1994,1,16,waxing crescent
1994,1,17,waxing crescent
1994,1,18,waxing crescent
1994,1,19,first quarter
1994,1,20,first quarter
1994,1,21,waxing gibbous
1994,1,22,waxing gibbous
1994,1,23,waxing gibbous
1994,1,24,waxing gibbous
1994,1,25,waxing gibbous
1994,1,26,waxing gibbous
1994,1,27,full moon
1994,1,28,waning gibbous
1994,1,29,waning gibbous
1994,1,30,waning gibbous
1994,1,31,waning gibbous
1994,2,1,waning gibbous
1994,2,2,waning gibbous
1994,2,3,last quarter
1994,2,4,waning crescent
1994,2,5,waning crescent
1994,2,6,waning crescent
1994,2,7,waning crescent
1994,2,8,waning crescent
1994,2,9,waning crescent
1994,2,10,new moon
1994,2,11,waxing crescent
1994,2,12,waxing crescent
1994,2,13,waxing crescent
1994,2,14,waxing crescent
1994,2,15,waxing crescent
1994,2,16,waxing crescent
1994,2,17,waxing crescent
1994,2,18,first quarter
1994,2,19,waxing gibbous
1994,2,20,waxing gibbous
1994,2,21,waxing gibbous
1994,2,22,waxing gibbous
1994,2,23,waxing gibbous
1994,2,24,waxing gibbous
1994,2,25,waxing gibbous
1994,2,26,full moon
1994,2,27,waning gibbous
1994,2,28,waning gibbous
1994,3,1,waning gibbous
1994,3,2,waning gibbous
1994,3,3,waning gibbous
1994,3,4,last quarter
1994,3,5,waning crescent
1994,3,6,waning crescent
1994,3,7,waning crescent
1994,3,8,waning crescent
1994,3,9,waning crescent
1994,3,10,waning crescent
1994,3,11,waning crescent
1994,3,12,new moon
1994,3,13,waxing crescent
1994,3,14,waxing crescent
1994,3,15,waxing crescent
1994,3,16,waxing crescent
1994,3,17,waxing crescent
1994,3,18,waxing crescent
1994,3,19,waxing crescent
1994,3,20,first quarter
1994,3,21,waxing gibbous
1994,3,22,waxing gibbous
1994,3,23,waxing gibbous
1994,3,24,waxing gibbous
1994,3,25,waxing gibbous
1994,3,26,waxing gibbous
1994,3,27,full moon
1994,3,28,waning gibbous
1994,3,29,waning gibbous
1994,3,30,waning gibbous
1994,3,31,waning gibbous
1994,4,1,waning gibbous
1994,4,2,waning gibbous
1994,4,3,last quarter
1994,4,4,waning crescent
1994,4,5,waning crescent
1994,4,6,waning crescent
1994,4,7,waning crescent
1994,4,8,waning crescent
1994,4,9,waning crescent
1994,4,10,waning crescent
1994,4,11,new moon
1994,4,12,waxing crescent
1994,4,13,waxing crescent
1994,4,14,waxing crescent
1994,4,15,waxing crescent
1994,4,16,waxing crescent
1994,4,17,waxing crescent
1994,4,18,waxing crescent
1994,4,19,first quarter
1994,4,20,waxing gibbous
1994,4,21,waxing gibbous
1994,4,22,waxing gibbous
1994,4,23,waxing gibbous
1994,4,24,waxing gibbous
1994,4,25,full moon
1994,4,26,waning gibbous
1994,4,27,waning gibbous
1994,4,28,waning gibbous
1994,4,29,waning gibbous
1994,4,30,waning gibbous
1994,5,1,waning gibbous
1994,5,2,last quarter
1994,5,3,waning crescent
1994,5,4,waning crescent
1994,5,5,waning crescent
1994,5,6,waning crescent
1994,5,7,waning crescent
1994,5,8,waning crescent
1994,5,9,waning crescent
1994,5,10,new moon
1994,5,11,waxing crescent
1994,5,12,waxing crescent
1994,5,13,waxing crescent
1994,5,14,waxing crescent
1994,5,15,waxing crescent
1994,5,16,waxing crescent
1994,5,17,waxing crescent
1994,5,18,first quarter
1994,5,19,waxing gibbous
1994,5,20,waxing gibbous
1994,5,21,waxing gibbous
1994,5,22,waxing gibbous
1994,5,23,waxing gibbous
1994,5,24,waxing gibbous
1994,5,25,full moon
1994,5,26,waning gibbous
1994,5,27,waning gibbous
1994,5,28,waning gibbous
1994,5,29,waning gibbous
1994,5,30,waning gibbous
1994,5,31,waning gibbous
1994,6,1,last quarter
1994,6,2,waning crescent
1994,6,3,waning crescent
1994,6,4,waning crescent
1994,6,5,waning crescent
1994,6,6,waning crescent
1994,6,7,waning crescent
1994,6,8,waning crescent
1994,6,9,new moon
1994,6,10,waxing crescent
1994,6,11,waxing crescent
1994,6,12,waxing crescent
1994,6,13,waxing crescent
1994,6,14,waxing crescent
1994,6,15,waxing crescent
1994,6,16,first quarter
1994,6,17,waxing gibbous
1994,6,18,waxing gibbous
1994,6,19,waxing gibbous
1994,6,20,waxing gibbous
1994,6,21,waxing gibbous
1994,6,22,waxing gibbous
1994,6,23,full moon
1994,6,24,waning gibbous
1994,6,25,waning gibbous
1994,6,26,waning gibbous
1994,6,27,waning gibbous
1994,6,28,waning gibbous
1994,6,29,waning gibbous
1994,6,30,last quarter
1994,7,1,waning crescent
1994,7,2,waning crescent
1994,7,3,waning crescent
1994,7,4,waning crescent
1994,7,5,waning crescent
1994,7,6,waning crescent
1994,7,7,waning crescent
1994,7,8,new moon
1994,7,9,waxing crescent
1994,7,10,waxing crescent
1994,7,11,waxing crescent
1994,7,12,waxing crescent
1994,7,13,waxing crescent
1994,7,14,waxing crescent
1994,7,15,waxing crescent
1994,7,16,first quarter
1994,7,17,waxing gibbous
1994,7,18,waxing gibbous
1994,7,19,waxing gibbous
1994,7,20,waxing gibbous
1994,7,21,waxing gibbous
1994,7,22,full moon
1994,7,23,waning gibbous
1994,7,24,waning gibbous
1994,7,25,waning gibbous
1994,7,26,waning gibbous
1994,7,27,waning gibbous
1994,7,28,waning gibbous
1994,7,29,waning gibbous
1994,7,30,last quarter
1994,7,31,waning crescent
1994,8,1,waning crescent
1994,8,2,waning crescent
1994,8,3,waning crescent
1994,8,4,waning crescent
1994,8,5,waning crescent
1994,8,6,waning crescent
1994,8,7,new moon
1994,8,8,waxing crescent
1994,8,9,waxing crescent
1994,8,10,waxing crescent
1994,8,11,waxing crescent
1994,8,12,waxing crescent
1994,8,13,waxing crescent
1994,8,14,first quarter
1994,8,15,waxing gibbous
1994,8,16,waxing gibbous
1994,8,17,waxing gibbous
1994,8,18,waxing gibbous
1994,8,19,waxing gibbous
1994,8,20,waxing gibbous
1994,8,21,full moon
1994,8,22,waning gibbous
1994,8,23,waning gibbous
1994,8,24,waning gibbous
1994,8,25,waning gibbous
1994,8,26,waning gibbous
1994,8,27,waning gibbous
1994,8,28,waning gibbous
1994,8,29,last quarter
1994,8,30,waning crescent
1994,8,31,waning crescent
1994,9,1,waning crescent
1994,9,2,waning crescent
1994,9,3,waning crescent
1994,9,4,waning crescent
1994,9,5,new moon
1994,9,6,waxing crescent
1994,9,7,waxing crescent
1994,9,8,waxing crescent
1994,9,9,waxing crescent
1994,9,10,waxing crescent
1994,9,11,waxing crescent
1994,9,12,first quarter
1994,9,13,waxing gibbous
1994,9,14,waxing gibbous
1994,9,15,waxing gibbous
1994,9,16,waxing gibbous
1994,9,17,waxing gibbous
1994,9,18,waxing gibbous
1994,9,19,full moon
1994,9,20,waning gibbous
1994,9,21,waning gibbous
1994,9,22,waning gibbous
1994,9,23,waning gibbous
1994,9,24,waning gibbous
1994,9,25,waning gibbous
1994,9,26,waning gibbous
1994,9,27,last quarter
1994,9,28,last quarter
1994,9,29,waning crescent
1994,9,30,waning crescent
1994,10,1,waning crescent
1994,10,2,waning crescent
1994,10,3,waning crescent
1994,10,4,waning crescent
1994,10,5,new moon
1994,10,6,waxing crescent
1994,10,7,waxing crescent
1994,10,8,waxing crescent
1994,10,9,waxing crescent
1994,10,10,waxing crescent
1994,10,11,first quarter
1994,10,12,waxing gibbous
1994,10,13,waxing gibbous
1994,10,14,waxing gibbous
1994,10,15,waxing gibbous
1994,10,16,waxing gibbous
1994,10,17,waxing gibbous
1994,10,18,waxing gibbous
1994,10,19,full moon
1994,10,20,waning gibbous
1994,10,21,waning gibbous
1994,10,22,waning gibbous
1994,10,23,waning gibbous
1994,10,24,waning gibbous
1994,10,25,waning gibbous
1994,10,26,waning gibbous
1994,10,27,last quarter
1994,10,28,waning crescent
1994,10,29,waning crescent
1994,10,30,waning crescent
1994,10,31,waning crescent
1994,11,1,waning crescent
1994,11,2,waning crescent
1994,11,3,new moon
1994,11,4,waxing crescent
1994,11,5,waxing crescent
1994,11,6,waxing crescent
1994,11,7,waxing crescent
1994,11,8,waxing crescent
1994,11,9,waxing crescent
1994,11,10,first quarter
1994,11,11,waxing gibbous
1994,11,12,waxing gibbous
1994,11,13,waxing gibbous
1994,11,14,waxing gibbous
1994,11,15,waxing gibbous
1994,11,16,waxing gibbous
1994,11,17,waxing gibbous
1994,11,18,full moon
1994,11,19,waning gibbous
1994,11,20,waning gibbous
1994,11,21,waning gibbous
1994,11,22,waning gibbous
1994,11,23,waning gibbous
1994,11,24,waning gibbous
1994,11,25,waning gibbous
1994,11,26,last quarter
1994,11,27,waning crescent
1994,11,28,waning crescent
1994,11,29,waning crescent
1994,11,30,waning crescent
1994,12,1,waning crescent
1994,12,2,new moon
1994,12,3,waxing crescent
1994,12,4,waxing crescent
1994,12,5,waxing crescent
1994,12,6,waxing crescent
1994,12,7,waxing crescent
1994,12,8,waxing crescent
1994,12,9,first quarter
1994,12,10,first quarter
1994,12,11,waxing gibbous
1994,12,12,waxing gibbous
1994,12,13,waxing gibbous
1994,12,14,waxing gibbous
1994,12,15,waxing gibbous
1994,12,16,waxing gibbous
1994,12,17,waxing gibbous
1994,12,18,full moon
1994,12,19,waning gibbous
1994,12,20,waning gibbous
1994,12,21,waning gibbous
1994,12,22,waning gibbous
1994,12,23,waning gibbous
1994,12,24,waning gibbous
1994,12,25,last quarter
1994,12,26,waning crescent
1994,12,27,waning crescent
1994,12,28,waning crescent
1994,12,29,waning crescent
1994,12,30,waning crescent
1994,12,31,waning crescent
1995,1,1,new moon
1995,1,2,waxing crescent
1995,1,3,waxing crescent
1995,1,4,waxing crescent
1995,1,5,waxing crescent
1995,1,6,waxing crescent
1995,1,7,waxing crescent
1995,1,8,first quarter
1995,1,9,waxing gibbous
1995,1,10,waxing gibbous
1995,1,11,waxing gibbous
1995,1,12,waxing gibbous
1995,1,13,waxing gibbous
1995,1,14,waxing gibbous
1995,1,15,waxing gibbous
1995,1,16,full moon
1995,1,17,waning gibbous
1995,1,18,waning gibbous
1995,1,19,waning gibbous
1995,1,20,waning gibbous
1995,1,21,waning gibbous
1995,1,22,waning gibbous
1995,1,23,waning gibbous
1995,1,24,last quarter
1995,1,25,waning crescent
1995,1,26,waning crescent
1995,1,27,waning crescent
1995,1,28,waning crescent
1995,1,29,waning crescent
1995,1,30,new moon
1995,1,31,waxing crescent
1995,2,1,waxing crescent
1995,2,2,waxing crescent
1995,2,3,waxing crescent
1995,2,4,waxing crescent
1995,2,5,waxing crescent
1995,2,6,waxing crescent
1995,2,7,first quarter
1995,2,8,waxing gibbous
1995,2,9,waxing gibbous
1995,2,10,waxing gibbous
1995,2,11,waxing gibbous
1995,2,12,waxing gibbous
1995,2,13,waxing gibbous
1995,2,14,waxing gibbous
1995,2,15,full moon
1995,2,16,waning gibbous
1995,2,17,waning gibbous
1995,2,18,waning gibbous
1995,2,19,waning gibbous
1995,2,20,waning gibbous
1995,2,21,waning gibbous
1995,2,22,last quarter
1995,2,23,waning crescent
1995,2,24,waning crescent
1995,2,25,waning crescent
1995,2,26,waning crescent
1995,2,27,waning crescent
1995,2,28,waning crescent
1995,3,1,new moon
1995,3,2,waxing crescent
1995,3,3,waxing crescent
1995,3,4,waxing crescent
1995,3,5,waxing crescent
1995,3,6,waxing crescent
1995,3,7,waxing crescent
1995,3,8,waxing crescent
1995,3,9,first quarter
1995,3,10,waxing gibbous
1995,3,11,waxing gibbous
1995,3,12,waxing gibbous
1995,3,13,waxing gibbous
1995,3,14,waxing gibbous
1995,3,15,waxing gibbous
1995,3,16,waxing gibbous
1995,3,17,full moon
1995,3,18,waning gibbous
1995,3,19,waning gibbous
1995,3,20,waning gibbous
1995,3,21,waning gibbous
1995,3,22,waning gibbous
1995,3,23,last quarter
1995,3,24,waning crescent
1995,3,25,waning crescent
1995,3,26,waning crescent
1995,3,27,waning crescent
1995,3,28,waning crescent
1995,3,29,waning crescent
1995,3,30,waning crescent
1995,3,31,new moon
1995,4,1,waxing crescent
1995,4,2,waxing crescent
1995,4,3,waxing crescent
1995,4,4,waxing crescent
1995,4,5,waxing crescent
1995,4,6,waxing crescent
1995,4,7,waxing crescent
1995,4,8,first quarter
1995,4,9,waxing gibbous
1995,4,10,waxing gibbous
1995,4,11,waxing gibbous
1995,4,12,waxing gibbous
1995,4,13,waxing gibbous
1995,4,14,waxing gibbous
1995,4,15,full moon
1995,4,16,waning gibbous
1995,4,17,waning gibbous
1995,4,18,waning gibbous
1995,4,19,waning gibbous
1995,4,20,waning gibbous
1995,4,21,waning gibbous
1995,4,22,last quarter
1995,4,23,waning crescent
1995,4,24,waning crescent
1995,4,25,waning crescent
1995,4,26,waning crescent
1995,4,27,waning crescent
1995,4,28,waning crescent
1995,4,29,new moon
1995,4,30,waxing crescent
1995,5,1,waxing crescent
1995,5,2,waxing crescent
1995,5,3,waxing crescent
1995,5,4,waxing crescent
1995,5,5,waxing crescent
1995,5,6,waxing crescent
1995,5,7,first quarter
1995,5,8,first quarter
1995,5,9,waxing gibbous
1995,5,10,waxing gibbous
1995,5,11,waxing gibbous
1995,5,12,waxing gibbous
1995,5,13,waxing gibbous
1995,5,14,full moon
1995,5,15,waning gibbous
1995,5,16,waning gibbous
1995,5,17,waning gibbous
1995,5,18,waning gibbous
1995,5,19,waning gibbous
1995,5,20,waning gibbous
1995,5,21,last quarter
1995,5,22,waning crescent
1995,5,23,waning crescent
1995,5,24,waning crescent
1995,5,25,waning crescent
1995,5,26,waning crescent
1995,5,27,waning crescent
1995,5,28,waning crescent
1995,5,29,new moon
1995,5,30,waxing crescent
1995,5,31,waxing crescent
1995,6,1,waxing crescent
1995,6,2,waxing crescent
1995,6,3,waxing crescent
1995,6,4,waxing crescent
1995,6,5,waxing crescent
1995,6,6,first quarter
1995,6,7,waxing gibbous
1995,6,8,waxing gibbous
1995,6,9,waxing gibbous
1995,6,10,waxing gibbous
1995,6,11,waxing gibbous
1995,6,12,waxing gibbous
1995,6,13,full moon
1995,6,14,waning gibbous
1995,6,15,waning gibbous
1995,6,16,waning gibbous
1995,6,17,waning gibbous
1995,6,18,waning gibbous
1995,6,19,last quarter
1995,6,20,last quarter
1995,6,21,waning crescent
1995,6,22,waning crescent
1995,6,23,waning crescent
1995,6,24,waning crescent
1995,6,25,waning crescent
1995,6,26,waning crescent
1995,6,27,waning crescent
1995,6,28,new moon
1995,6,29,waxing crescent
1995,6,30,waxing crescent
1995,7,1,waxing crescent
1995,7,2,waxing crescent
1995,7,3,waxing crescent
1995,7,4,waxing crescent
1995,7,5,first quarter
1995,7,6,waxing gibbous
1995,7,7,waxing gibbous
1995,7,8,waxing gibbous
1995,7,9,waxing gibbous
1995,7,10,waxing gibbous
1995,7,11,waxing gibbous
1995,7,12,full moon
1995,7,13,waning gibbous
1995,7,14,waning gibbous
1995,7,15,waning gibbous
1995,7,16,waning gibbous
1995,7,17,waning gibbous
1995,7,18,waning gibbous
1995,7,19,last quarter
1995,7,20,waning crescent
1995,7,21,waning crescent
1995,7,22,waning crescent
1995,7,23,waning crescent
1995,7,24,waning crescent
1995,7,25,waning crescent
1995,7,26,waning crescent
1995,7,27,new moon
1995,7,28,waxing crescent
1995,7,29,waxing crescent
1995,7,30,waxing crescent
1995,7,31,waxing crescent
1995,8,1,waxing crescent
1995,8,2,waxing crescent
1995,8,3,waxing crescent
1995,8,4,first quarter
1995,8,5,waxing gibbous
1995,8,6,waxing gibbous
1995,8,7,waxing gibbous
1995,8,8,waxing gibbous
1995,8,9,waxing gibbous
1995,8,10,full moon
1995,8,11,waning gibbous
1995,8,12,waning gibbous
1995,8,13,waning gibbous
1995,8,14,waning gibbous
1995,8,15,waning gibbous
1995,8,16,waning gibbous
1995,8,17,last quarter
1995,8,18,last quarter
1995,8,19,waning crescent
1995,8,20,waning crescent
1995,8,21,waning crescent
1995,8,22,waning crescent
1995,8,23,waning crescent
1995,8,24,waning crescent
1995,8,25,waning crescent
1995,8,26,new moon
1995,8,27,waxing crescent
1995,8,28,waxing crescent
1995,8,29,waxing crescent
1995,8,30,waxing crescent
1995,8,31,waxing crescent
1995,9,1,waxing crescent
1995,9,2,first quarter
1995,9,3,waxing gibbous
1995,9,4,waxing gibbous
1995,9,5,waxing gibbous
1995,9,6,waxing gibbous
1995,9,7,waxing gibbous
1995,9,8,waxing gibbous
1995,9,9,full moon
1995,9,10,waning gibbous
1995,9,11,waning gibbous
1995,9,12,waning gibbous
1995,9,13,waning gibbous
1995,9,14,waning gibbous
1995,9,15,waning gibbous
1995,9,16,last quarter
1995,9,17,last quarter
1995,9,18,waning crescent
1995,9,19,waning crescent
1995,9,20,waning crescent
1995,9,21,waning crescent
1995,9,22,waning crescent
1995,9,23,waning crescent
1995,9,24,new moon
1995,9,25,waxing crescent
1995,9,26,waxing crescent
1995,9,27,waxing crescent
1995,9,28,waxing crescent
1995,9,29,waxing crescent
1995,9,30,waxing crescent
1995,10,1,first quarter
1995,10,2,waxing gibbous
1995,10,3,waxing gibbous
1995,10,4,waxing gibbous
1995,10,5,waxing gibbous
1995,10,6,waxing gibbous
1995,10,7,waxing gibbous
1995,10,8,full moon
1995,10,9,waning gibbous
1995,10,10,waning gibbous
1995,10,11,waning gibbous
1995,10,12,waning gibbous
1995,10,13,waning gibbous
1995,10,14,waning gibbous
1995,10,15,waning gibbous
1995,10,16,last quarter
1995,10,17,waning crescent
1995,10,18,waning crescent
1995,10,19,waning crescent
1995,10,20,waning crescent
1995,10,21,waning crescent
1995,10,22,waning crescent
1995,10,23,waning crescent
1995,10,24,new moon
1995,10,25,waxing crescent
1995,10,26,waxing crescent
1995,10,27,waxing crescent
1995,10,28,waxing crescent
1995,10,29,waxing crescent
1995,10,30,first quarter
1995,10,31,waxing gibbous
1995,11,1,waxing gibbous
1995,11,2,waxing gibbous
1995,11,3,waxing gibbous
1995,11,4,waxing gibbous
1995,11,5,waxing gibbous
1995,11,6,waxing gibbous
1995,11,7,full moon
1995,11,8,waning gibbous
1995,11,9,waning gibbous
1995,11,10,waning gibbous
1995,11,11,waning gibbous
1995,11,12,waning gibbous
1995,11,13,waning gibbous
1995,11,14,waning gibbous
1995,11,15,last quarter
1995,11,16,waning crescent
1995,11,17,waning crescent
1995,11,18,waning crescent
1995,11,19,waning crescent
1995,11,20,waning crescent
1995,11,21,waning crescent
1995,11,22,new moon
1995,11,23,waxing crescent
1995,11,24,waxing crescent
1995,11,25,waxing crescent
1995,11,26,waxing crescent
1995,11,27,waxing crescent
1995,11,28,waxing crescent
1995,11,29,first quarter
1995,11,30,waxing gibbous
1995,12,1,waxing gibbous
1995,12,2,waxing gibbous
1995,12,3,waxing gibbous
1995,12,4,waxing gibbous
1995,12,5,waxing gibbous
1995,12,6,waxing gibbous
1995,12,7,full moon
1995,12,8,waning gibbous
1995,12,9,waning gibbous
1995,12,10,waning gibbous
1995,12,11,waning gibbous
1995,12,12,waning gibbous
1995,12,13,waning gibbous
1995,12,14,waning gibbous
1995,12,15,last quarter
1995,12,16,waning crescent
1995,12,17,waning crescent
1995,12,18,waning crescent
1995,12,19,waning crescent
1995,12,20,waning crescent
1995,12,21,waning crescent
1995,12,22,new moon
1995,12,23,waxing crescent
1995,12,24,waxing crescent
1995,12,25,waxing crescent
1995,12,26,waxing crescent
1995,12,27,waxing crescent
1995,12,28,first quarter
1995,12,29,waxing gibbous
1995,12,30,waxing gibbous
1995,12,31,waxing gibbous
1996,1,1,waxing gibbous
1996,1,2,waxing gibbous
1996,1,3,waxing gibbous
1996,1,4,waxing gibbous
1996,1,5,full moon
1996,1,6,waning gibbous
1996,1,7,waning gibbous
1996,1,8,waning gibbous
1996,1,9,waning gibbous
1996,1,10,waning gibbous
1996,1,11,waning gibbous
1996,1,12,waning gibbous
1996,1,13,last quarter
1996,1,14,waning crescent
1996,1,15,waning crescent
1996,1,16,waning crescent
1996,1,17,waning crescent
1996,1,18,waning crescent
1996,1,19,waning crescent
1996,1,20,new moon
1996,1,21,waxing crescent
1996,1,22,waxing crescent
1996,1,23,waxing crescent
1996,1,24,waxing crescent
1996,1,25,waxing crescent
1996,1,26,waxing crescent
1996,1,27,first quarter
1996,1,28,waxing gibbous
1996,1,29,waxing gibbous
1996,1,30,waxing gibbous
1996,1,31,waxing gibbous
1996,2,1,waxing gibbous
1996,2,2,waxing gibbous
1996,2,3,waxing gibbous
1996,2,4,full moon
1996,2,5,waning gibbous
1996,2,6,waning gibbous
1996,2,7,waning gibbous
1996,2,8,waning gibbous
1996,2,9,waning gibbous
1996,2,10,waning gibbous
1996,2,11,waning gibbous
1996,2,12,last quarter
1996,2,13,waning crescent
1996,2,14,waning crescent
1996,2,15,waning crescent
1996,2,16,waning crescent
1996,2,17,waning crescent
1996,2,18,new moon
1996,2,19,waxing crescent
1996,2,20,waxing crescent
1996,2,21,waxing crescent
1996,2,22,waxing crescent
1996,2,23,waxing crescent
1996,2,24,waxing crescent
1996,2,25,waxing crescent
1996,2,26,first quarter
1996,2,27,waxing gibbous
1996,2,28,waxing gibbous
1996,2,29,waxing gibbous
1996,3,1,waxing gibbous
1996,3,2,waxing gibbous
1996,3,3,waxing gibbous
1996,3,4,waxing gibbous
1996,3,5,full moon
1996,3,6,waning gibbous
1996,3,7,waning gibbous
1996,3,8,waning gibbous
1996,3,9,waning gibbous
1996,3,10,waning gibbous
1996,3,11,waning gibbous
1996,3,12,last quarter
1996,3,13,waning crescent
1996,3,14,waning crescent
1996,3,15,waning crescent
1996,3,16,waning crescent
1996,3,17,waning crescent
1996,3,18,waning crescent
1996,3,19,new moon
1996,3,20,waxing crescent
1996,3,21,waxing crescent
1996,3,22,waxing crescent
1996,3,23,waxing crescent
1996,3,24,waxing crescent
1996,3,25,waxing crescent
1996,3,26,first quarter
1996,3,27,first quarter
1996,3,28,waxing gibbous
1996,3,29,waxing gibbous
1996,3,30,waxing gibbous
1996,3,31,waxing gibbous
1996,4,1,waxing gibbous
1996,4,2,waxing gibbous
1996,4,3,waxing gibbous
1996,4,4,full moon
1996,4,5,waning gibbous
1996,4,6,waning gibbous
1996,4,7,waning gibbous
1996,4,8,waning gibbous
1996,4,9,waning gibbous
1996,4,10,last quarter
1996,4,11,last quarter
1996,4,12,waning crescent
1996,4,13,waning crescent
1996,4,14,waning crescent
1996,4,15,waning crescent
1996,4,16,waning crescent
1996,4,17,new moon
1996,4,18,waxing crescent
1996,4,19,waxing crescent
1996,4,20,waxing crescent
1996,4,21,waxing crescent
1996,4,22,waxing crescent
1996,4,23,waxing crescent
1996,4,24,waxing crescent
1996,4,25,first quarter
1996,4,26,first quarter
1996,4,27,waxing gibbous
1996,4,28,waxing gibbous
1996,4,29,waxing gibbous
1996,4,30,waxing gibbous
1996,5,1,waxing gibbous
1996,5,2,waxing gibbous
1996,5,3,full moon
1996,5,4,waning gibbous
1996,5,5,waning gibbous
1996,5,6,waning gibbous
1996,5,7,waning gibbous
1996,5,8,waning gibbous
1996,5,9,waning gibbous
1996,5,10,last quarter
1996,5,11,waning crescent
1996,5,12,waning crescent
1996,5,13,waning crescent
1996,5,14,waning crescent
1996,5,15,waning crescent
1996,5,16,waning crescent
1996,5,17,new moon
1996,5,18,waxing crescent
1996,5,19,waxing crescent
1996,5,20,waxing crescent
1996,5,21,waxing crescent
1996,5,22,waxing crescent
1996,5,23,waxing crescent
1996,5,24,waxing crescent
1996,5,25,first quarter
1996,5,26,waxing gibbous
1996,5,27,waxing gibbous
1996,5,28,waxing gibbous
1996,5,29,waxing gibbous
1996,5,30,waxing gibbous
1996,5,31,waxing gibbous
1996,6,1,full moon
1996,6,2,waning gibbous
1996,6,3,waning gibbous
1996,6,4,waning gibbous
1996,6,5,waning gibbous
1996,6,6,waning gibbous
1996,6,7,waning gibbous
1996,6,8,last quarter
1996,6,9,waning crescent
1996,6,10,waning crescent
1996,6,11,waning crescent
1996,6,12,waning crescent
1996,6,13,waning crescent
1996,6,14,waning crescent
1996,6,15,waning crescent
1996,6,16,new moon
1996,6,17,waxing crescent
1996,6,18,waxing crescent
1996,6,19,waxing crescent
1996,6,20,waxing crescent
1996,6,21,waxing crescent
1996,6,22,waxing crescent
1996,6,23,waxing crescent
1996,6,24,first quarter
1996,6,25,waxing gibbous
1996,6,26,waxing gibbous
1996,6,27,waxing gibbous
1996,6,28,waxing gibbous
1996,6,29,waxing gibbous
1996,6,30,waxing gibbous
1996,7,1,full moon
1996,7,2,waning gibbous
1996,7,3,waning gibbous
1996,7,4,waning gibbous
1996,7,5,waning gibbous
1996,7,6,waning gibbous
1996,7,7,last quarter
1996,7,8,waning crescent
1996,7,9,waning crescent
1996,7,10,waning crescent
1996,7,11,waning crescent
1996,7,12,waning crescent
1996,7,13,waning crescent
1996,7,14,waning crescent
1996,7,15,new moon
1996,7,16,waxing crescent
1996,7,17,waxing crescent
1996,7,18,waxing crescent
1996,7,19,waxing crescent
1996,7,20,waxing crescent
1996,7,21,waxing crescent
1996,7,22,waxing crescent
1996,7,23,first quarter
1996,7,24,waxing gibbous
1996,7,25,waxing gibbous
1996,7,26,waxing gibbous
1996,7,27,waxing gibbous
1996,7,28,waxing gibbous
1996,7,29,waxing gibbous
1996,7,30,full moon
1996,7,31,waning gibbous
1996,8,1,waning gibbous
1996,8,2,waning gibbous
1996,8,3,waning gibbous
1996,8,4,waning gibbous
1996,8,5,waning gibbous
1996,8,6,last quarter
1996,8,7,waning crescent
1996,8,8,waning crescent
1996,8,9,waning crescent
1996,8,10,waning crescent
1996,8,11,waning crescent
1996,8,12,waning crescent
1996,8,13,waning crescent
1996,8,14,new moon
1996,8,15,waxing crescent
1996,8,16,waxing crescent
1996,8,17,waxing crescent
1996,8,18,waxing crescent
1996,8,19,waxing crescent
1996,8,20,waxing crescent
1996,8,21,waxing crescent
1996,8,22,first quarter
1996,8,23,waxing gibbous
1996,8,24,waxing gibbous
1996,8,25,waxing gibbous
1996,8,26,waxing gibbous
1996,8,27,waxing gibbous
1996,8,28,full moon
1996,8,29,waning gibbous
1996,8,30,waning gibbous
1996,8,31,waning gibbous
1996,9,1,waning gibbous
1996,9,2,waning gibbous
1996,9,3,waning gibbous
1996,9,4,last quarter
1996,9,5,waning crescent
1996,9,6,waning crescent
1996,9,7,waning crescent
1996,9,8,waning crescent
1996,9,9,waning crescent
1996,9,10,waning crescent
1996,9,11,waning crescent
1996,9,12,new moon
1996,9,13,waxing crescent
1996,9,14,waxing crescent
1996,9,15,waxing crescent
1996,9,16,waxing crescent
1996,9,17,waxing crescent
1996,9,18,waxing crescent
1996,9,19,waxing crescent
1996,9,20,first quarter
1996,9,21,waxing gibbous
1996,9,22,waxing gibbous
1996,9,23,waxing gibbous
1996,9,24,waxing gibbous
1996,9,25,waxing gibbous
1996,9,26,waxing gibbous
1996,9,27,full moon
1996,9,28,waning gibbous
1996,9,29,waning gibbous
1996,9,30,waning gibbous
1996,10,1,waning gibbous
1996,10,2,waning gibbous
1996,10,3,waning gibbous
1996,10,4,last quarter
1996,10,5,waning crescent
1996,10,6,waning crescent
1996,10,7,waning crescent
1996,10,8,waning crescent
1996,10,9,waning crescent
1996,10,10,waning crescent
1996,10,11,waning crescent
1996,10,12,new moon
1996,10,13,waxing crescent
1996,10,14,waxing crescent
1996,10,15,waxing crescent
1996,10,16,waxing crescent
1996,10,17,waxing crescent
1996,10,18,waxing crescent
1996,10,19,first quarter
1996,10,20,waxing gibbous
1996,10,21,waxing gibbous
1996,10,22,waxing gibbous
1996,10,23,waxing gibbous
1996,10,24,waxing gibbous
1996,10,25,waxing gibbous
1996,10,26,full moon
1996,10,27,waning gibbous
1996,10,28,waning gibbous
1996,10,29,waning gibbous
1996,10,30,waning gibbous
1996,10,31,waning gibbous
1996,11,1,waning gibbous
1996,11,2,waning gibbous
1996,11,3,last quarter
1996,11,4,waning crescent
1996,11,5,waning crescent
1996,11,6,waning crescent
1996,11,7,waning crescent
1996,11,8,waning crescent
1996,11,9,waning crescent
1996,11,10,waning crescent
1996,11,11,new moon
1996,11,12,waxing crescent
1996,11,13,waxing crescent
1996,11,14,waxing crescent
1996,11,15,waxing crescent
1996,11,16,waxing crescent
1996,11,17,first quarter
1996,11,18,first quarter
1996,11,19,waxing gibbous
1996,11,20,waxing gibbous
1996,11,21,waxing gibbous
1996,11,22,waxing gibbous
1996,11,23,waxing gibbous
1996,11,24,waxing gibbous
1996,11,25,full moon
1996,11,26,waning gibbous
1996,11,27,waning gibbous
1996,11,28,waning gibbous
1996,11,29,waning gibbous
1996,11,30,waning gibbous
1996,12,1,waning gibbous
1996,12,2,waning gibbous
1996,12,3,last quarter
1996,12,4,waning crescent
1996,12,5,waning crescent
1996,12,6,waning crescent
1996,12,7,waning crescent
1996,12,8,waning crescent
1996,12,9,waning crescent
1996,12,10,new moon
1996,12,11,waxing crescent
1996,12,12,waxing crescent
1996,12,13,waxing crescent
1996,12,14,waxing crescent
1996,12,15,waxing crescent
1996,12,16,waxing crescent
1996,12,17,first quarter
1996,12,18,waxing gibbous
1996,12,19,waxing gibbous
1996,12,20,waxing gibbous
1996,12,21,waxing gibbous
1996,12,22,waxing gibbous
1996,12,23,waxing gibbous
1996,12,24,full moon
1996,12,25,waning gibbous
1996,12,26,waning gibbous
1996,12,27,waning gibbous
1996,12,28,waning gibbous
1996,12,29,waning gibbous
1996,12,30,waning gibbous
1996,12,31,waning gibbous
1997,1,1,last quarter
1997,1,2,last quarter
1997,1,3,waning crescent
1997,1,4,waning crescent
1997,1,5,waning crescent
1997,1,6,waning crescent
1997,1,7,waning crescent
1997,1,8,waning crescent
1997,1,9,new moon
1997,1,10,waxing crescent
1997,1,11,waxing crescent
1997,1,12,waxing crescent
1997,1,13,waxing crescent
1997,1,14,waxing crescent
1997,1,15,first quarter
1997,1,16,waxing gibbous
1997,1,17,waxing gibbous
1997,1,18,waxing gibbous
1997,1,19,waxing gibbous
1997,1,20,waxing gibbous
1997,1,21,waxing gibbous
1997,1,22,waxing gibbous
1997,1,23,full moon
1997,1,24,waning gibbous
1997,1,25,waning gibbous
1997,1,26,waning gibbous
1997,1,27,waning gibbous
1997,1,28,waning gibbous
1997,1,29,waning gibbous
1997,1,30,waning gibbous
1997,1,31,last quarter
1997,2,1,waning crescent
1997,2,2,waning crescent
1997,2,3,waning crescent
1997,2,4,waning crescent
1997,2,5,waning crescent
1997,2,6,waning crescent
1997,2,7,new moon
1997,2,8,waxing crescent
1997,2,9,waxing crescent
1997,2,10,waxing crescent
1997,2,11,waxing crescent
1997,2,12,waxing crescent
1997,2,13,waxing crescent
1997,2,14,first quarter
1997,2,15,waxing gibbous
1997,2,16,waxing gibbous
1997,2,17,waxing gibbous
1997,2,18,waxing gibbous
1997,2,19,waxing gibbous
1997,2,20,waxing gibbous
1997,2,21,waxing gibbous
1997,2,22,full moon
1997,2,23,waning gibbous
1997,2,24,waning gibbous
1997,2,25,waning gibbous
1997,2,26,waning gibbous
1997,2,27,waning gibbous
1997,2,28,waning gibbous
1997,3,1,waning gibbous
1997,3,2,last quarter
1997,3,3,waning crescent
1997,3,4,waning crescent
1997,3,5,waning crescent
1997,3,6,waning crescent
1997,3,7,waning crescent
1997,3,8,waning crescent
1997,3,9,new moon
1997,3,10,waxing crescent
1997,3,11,waxing crescent
1997,3,12,waxing crescent
1997,3,13,waxing crescent
1997,3,14,waxing crescent
1997,3,15,first quarter
1997,3,16,first quarter
1997,3,17,waxing gibbous
1997,3,18,waxing gibbous
1997,3,19,waxing gibbous
1997,3,20,waxing gibbous
1997,3,21,waxing gibbous
1997,3,22,waxing gibbous
1997,3,23,waxing gibbous
1997,3,24,full moon
1997,3,25,waning gibbous
1997,3,26,waning gibbous
1997,3,27,waning gibbous
1997,3,28,waning gibbous
1997,3,29,waning gibbous
1997,3,30,waning gibbous
1997,3,31,last quarter
1997,4,1,waning crescent
1997,4,2,waning crescent
1997,4,3,waning crescent
1997,4,4,waning crescent
1997,4,5,waning crescent
1997,4,6,waning crescent
1997,4,7,new moon
1997,4,8,waxing crescent
1997,4,9,waxing crescent
1997,4,10,waxing crescent
1997,4,11,waxing crescent
1997,4,12,waxing crescent
1997,4,13,waxing crescent
1997,4,14,first quarter
1997,4,15,waxing gibbous
1997,4,16,waxing gibbous
1997,4,17,waxing gibbous
1997,4,18,waxing gibbous
1997,4,19,waxing gibbous
1997,4,20,waxing gibbous
1997,4,21,waxing gibbous
1997,4,22,full moon
1997,4,23,waning gibbous
1997,4,24,waning gibbous
1997,4,25,waning gibbous
1997,4,26,waning gibbous
1997,4,27,waning gibbous
1997,4,28,waning gibbous
1997,4,29,waning gibbous
1997,4,30,last quarter
1997,5,1,waning crescent
1997,5,2,waning crescent
1997,5,3,waning crescent
1997,5,4,waning crescent
1997,5,5,waning crescent
1997,5,6,new moon
1997,5,7,waxing crescent
1997,5,8,waxing crescent
1997,5,9,waxing crescent
1997,5,10,waxing crescent
1997,5,11,waxing crescent
1997,5,12,waxing crescent
1997,5,13,waxing crescent
1997,5,14,first quarter
1997,5,15,waxing gibbous
1997,5,16,waxing gibbous
1997,5,17,waxing gibbous
1997,5,18,waxing gibbous
1997,5,19,waxing gibbous
1997,5,20,waxing gibbous
1997,5,21,waxing gibbous
1997,5,22,full moon
1997,5,23,waning gibbous
1997,5,24,waning gibbous
1997,5,25,waning gibbous
1997,5,26,waning gibbous
1997,5,27,waning gibbous
1997,5,28,waning gibbous
1997,5,29,last quarter
1997,5,30,waning crescent
1997,5,31,waning crescent
1997,6,1,waning crescent
1997,6,2,waning crescent
1997,6,3,waning crescent
1997,6,4,waning crescent
1997,6,5,new moon
1997,6,6,waxing crescent
1997,6,7,waxing crescent
1997,6,8,waxing crescent
1997,6,9,waxing crescent
1997,6,10,waxing crescent
1997,6,11,waxing crescent
1997,6,12,waxing crescent
1997,6,13,first quarter
1997,6,14,waxing gibbous
1997,6,15,waxing gibbous
1997,6,16,waxing gibbous
1997,6,17,waxing gibbous
1997,6,18,waxing gibbous
1997,6,19,waxing gibbous
1997,6,20,full moon
1997,6,21,waning gibbous
1997,6,22,waning gibbous
1997,6,23,waning gibbous
1997,6,24,waning gibbous
1997,6,25,waning gibbous
1997,6,26,waning gibbous
1997,6,27,last quarter
1997,6,28,waning crescent
1997,6,29,waning crescent
1997,6,30,waning crescent
1997,7,1,waning crescent
1997,7,2,waning crescent
1997,7,3,waning crescent
1997,7,4,new moon
1997,7,5,waxing crescent
1997,7,6,waxing crescent
1997,7,7,waxing crescent
1997,7,8,waxing crescent
1997,7,9,waxing crescent
1997,7,10,waxing crescent
1997,7,11,waxing crescent
1997,7,12,first quarter
1997,7,13,first quarter
1997,7,14,waxing gibbous
1997,7,15,waxing gibbous
1997,7,16,waxing gibbous
1997,7,17,waxing gibbous
1997,7,18,waxing gibbous
1997,7,19,waxing gibbous
1997,7,20,full moon
1997,7,21,waning gibbous
1997,7,22,waning gibbous
1997,7,23,waning gibbous
1997,7,24,waning gibbous
1997,7,25,waning gibbous
1997,7,26,last quarter
1997,7,27,waning crescent
1997,7,28,waning crescent
1997,7,29,waning crescent
1997,7,30,waning crescent
1997,7,31,waning crescent
1997,8,1,waning crescent
1997,8,2,waning crescent
1997,8,3,new moon
1997,8,4,waxing crescent
1997,8,5,waxing crescent
1997,8,6,waxing crescent
1997,8,7,waxing crescent
1997,8,8,waxing crescent
1997,8,9,waxing crescent
1997,8,10,waxing crescent
1997,8,11,first quarter
1997,8,12,waxing gibbous
1997,8,13,waxing gibbous
1997,8,14,waxing gibbous
1997,8,15,waxing gibbous
1997,8,16,waxing gibbous
1997,8,17,waxing gibbous
1997,8,18,full moon
1997,8,19,waning gibbous
1997,8,20,waning gibbous
1997,8,21,waning gibbous
1997,8,22,waning gibbous
1997,8,23,waning gibbous
1997,8,24,waning gibbous
1997,8,25,last quarter
1997,8,26,waning crescent
1997,8,27,waning crescent
1997,8,28,waning crescent
1997,8,29,waning crescent
1997,8,30,waning crescent
1997,8,31,waning crescent
1997,9,1,new moon
1997,9,2,waxing crescent
1997,9,3,waxing crescent
1997,9,4,waxing crescent
1997,9,5,waxing crescent
1997,9,6,waxing crescent
1997,9,7,waxing crescent
1997,9,8,waxing crescent
1997,9,9,first quarter
1997,9,10,first quarter
1997,9,11,waxing gibbous
1997,9,12,waxing gibbous
1997,9,13,waxing gibbous
1997,9,14,waxing gibbous
1997,9,15,waxing gibbous
1997,9,16,full moon
1997,9,17,waning gibbous
1997,9,18,waning gibbous
1997,9,19,waning gibbous
1997,9,20,waning gibbous
1997,9,21,waning gibbous
1997,9,22,waning gibbous
1997,9,23,last quarter
1997,9,24,waning crescent
1997,9,25,waning crescent
1997,9,26,waning crescent
1997,9,27,waning crescent
1997,9,28,waning crescent
1997,9,29,waning crescent
1997,9,30,waning crescent
1997,10,1,new moon
1997,10,2,waxing crescent
1997,10,3,waxing crescent
1997,10,4,waxing crescent
1997,10,5,waxing crescent
1997,10,6,waxing crescent
1997,10,7,waxing crescent
1997,10,8,waxing crescent
1997,10,9,first quarter
1997,10,10,waxing gibbous
1997,10,11,waxing gibbous
1997,10,12,waxing gibbous
1997,10,13,waxing gibbous
1997,10,14,waxing gibbous
1997,10,15,waxing gibbous
1997,10,16,full moon
1997,10,17,waning gibbous
1997,10,18,waning gibbous
1997,10,19,waning gibbous
1997,10,20,waning gibbous
1997,10,21,waning gibbous
1997,10,22,waning gibbous
1997,10,23,last quarter
1997,10,24,waning crescent
1997,10,25,waning crescent
1997,10,26,waning crescent
1997,10,27,waning crescent
1997,10,28,waning crescent
1997,10,29,waning crescent
1997,10,30,waning crescent
1997,10,31,new moon
1997,11,1,waxing crescent
1997,11,2,waxing crescent
1997,11,3,waxing crescent
1997,11,4,waxing crescent
1997,11,5,waxing crescent
1997,11,6,waxing crescent
1997,11,7,first quarter
1997,11,8,waxing gibbous
1997,11,9,waxing gibbous
1997,11,10,waxing gibbous
1997,11,11,waxing gibbous
1997,11,12,waxing gibbous
1997,11,13,waxing gibbous
1997,11,14,full moon
1997,11,15,waning gibbous
1997,11,16,waning gibbous
1997,11,17,waning gibbous
1997,11,18,waning gibbous
1997,11,19,waning gibbous
1997,11,20,waning gibbous
1997,11,21,last quarter
1997,11,22,last quarter
1997,11,23,waning crescent
1997,11,24,waning crescent
1997,11,25,waning crescent
1997,11,26,waning crescent
1997,11,27,waning crescent
1997,11,28,waning crescent
1997,11,29,waning crescent
1997,11,30,new moon
1997,12,1,waxing crescent
1997,12,2,waxing crescent
1997,12,3,waxing crescent
1997,12,4,waxing crescent
1997,12,5,waxing crescent
1997,12,6,waxing crescent
1997,12,7,first quarter
1997,12,8,waxing gibbous
1997,12,9,waxing gibbous
1997,12,10,waxing gibbous
1997,12,11,waxing gibbous
1997,12,12,waxing gibbous
1997,12,13,waxing gibbous
1997,12,14,full moon
1997,12,15,waning gibbous
1997,12,16,waning gibbous
1997,12,17,waning gibbous
1997,12,18,waning gibbous
1997,12,19,waning gibbous
1997,12,20,waning gibbous
1997,12,21,last quarter
1997,12,22,last quarter
1997,12,23,waning crescent
1997,12,24,waning crescent
1997,12,25,waning crescent
1997,12,26,waning crescent
1997,12,27,waning crescent
1997,12,28,waning crescent
1997,12,29,new moon
1997,12,30,waxing crescent
1997,12,31,waxing crescent
1998,1,1,waxing crescent
1998,1,2,waxing crescent
1998,1,3,waxing crescent
1998,1,4,waxing crescent
1998,1,5,first quarter
1998,1,6,waxing gibbous
1998,1,7,waxing gibbous
1998,1,8,waxing gibbous
1998,1,9,waxing gibbous
1998,1,10,waxing gibbous
1998,1,11,waxing gibbous
1998,1,12,full moon
1998,1,13,waning gibbous
1998,1,14,waning gibbous
1998,1,15,waning gibbous
1998,1,16,waning gibbous
1998,1,17,waning gibbous
1998,1,18,waning gibbous
1998,1,19,waning gibbous
1998,1,20,last quarter
1998,1,21,waning crescent
1998,1,22,waning crescent
1998,1,23,waning crescent
1998,1,24,waning crescent
1998,1,25,waning crescent
1998,1,26,waning crescent
1998,1,27,waning crescent
1998,1,28,new moon
1998,1,29,waxing crescent
1998,1,30,waxing crescent
1998,1,31,waxing crescent
1998,2,1,waxing crescent
1998,2,2,waxing crescent
1998,2,3,first quarter
1998,2,4,first quarter
1998,2,5,waxing gibbous
1998,2,6,waxing gibbous
1998,2,7,waxing gibbous
1998,2,8,waxing gibbous
1998,2,9,waxing gibbous
1998,2,10,waxing gibbous
1998,2,11,full moon
1998,2,12,waning gibbous
1998,2,13,waning gibbous
1998,2,14,waning gibbous
1998,2,15,waning gibbous
1998,2,16,waning gibbous
1998,2,17,waning gibbous
1998,2,18,waning gibbous
1998,2,19,last quarter
1998,2,20,waning crescent
1998,2,21,waning crescent
1998,2,22,waning crescent
1998,2,23,waning crescent
1998,2,24,waning crescent
1998,2,25,waning crescent
1998,2,26,new moon
1998,2,27,waxing crescent
1998,2,28,waxing crescent
1998,3,1,waxing crescent
1998,3,2,waxing crescent
1998,3,3,waxing crescent
1998,3,4,waxing crescent
1998,3,5,first quarter
1998,3,6,waxing gibbous
1998,3,7,waxing gibbous
1998,3,8,waxing gibbous
1998,3,9,waxing gibbous
1998,3,10,waxing gibbous
1998,3,11,waxing gibbous
1998,3,12,waxing gibbous
1998,3,13,full moon
1998,3,14,waning gibbous
1998,3,15,waning gibbous
1998,3,16,waning gibbous
1998,3,17,waning gibbous
1998,3,18,waning gibbous
1998,3,19,waning gibbous
1998,3,20,waning gibbous
1998,3,21,last quarter
1998,3,22,waning crescent
1998,3,23,waning crescent
1998,3,24,waning crescent
1998,3,25,waning crescent
1998,3,26,waning crescent
1998,3,27,waning crescent
1998,3,28,new moon
1998,3,29,waxing crescent
1998,3,30,waxing crescent
1998,3,31,waxing crescent
1998,4,1,waxing crescent
1998,4,2,waxing crescent
1998,4,3,first quarter
1998,4,4,waxing gibbous
1998,4,5,waxing gibbous
1998,4,6,waxing gibbous
1998,4,7,waxing gibbous
1998,4,8,waxing gibbous
1998,4,9,waxing gibbous
1998,4,10,waxing gibbous
1998,4,11,full moon
1998,4,12,waning gibbous
1998,4,13,waning gibbous
1998,4,14,waning gibbous
1998,4,15,waning gibbous
1998,4,16,waning gibbous
1998,4,17,waning gibbous
1998,4,18,waning gibbous
1998,4,19,last quarter
1998,4,20,waning crescent
1998,4,21,waning crescent
1998,4,22,waning crescent
1998,4,23,waning crescent
1998,4,24,waning crescent
1998,4,25,waning crescent
1998,4,26,new moon
1998,4,27,waxing crescent
1998,4,28,waxing crescent
1998,4,29,waxing crescent
1998,4,30,waxing crescent
1998,5,1,waxing crescent
1998,5,2,waxing crescent
1998,5,3,first quarter
1998,5,4,waxing gibbous
1998,5,5,waxing gibbous
1998,5,6,waxing gibbous
1998,5,7,waxing gibbous
1998,5,8,waxing gibbous
1998,5,9,waxing gibbous
1998,5,10,waxing gibbous
1998,5,11,full moon
1998,5,12,waning gibbous
1998,5,13,waning gibbous
1998,5,14,waning gibbous
1998,5,15,waning gibbous
1998,5,16,waning gibbous
1998,5,17,waning gibbous
1998,5,18,waning gibbous
1998,5,19,last quarter
1998,5,20,waning crescent
1998,5,21,waning crescent
1998,5,22,waning crescent
1998,5,23,waning crescent
1998,5,24,waning crescent
1998,5,25,new moon
1998,5,26,waxing crescent
1998,5,27,waxing crescent
1998,5,28,waxing crescent
1998,5,29,waxing crescent
1998,5,30,waxing crescent
1998,5,31,waxing crescent
1998,6,1,first quarter
1998,6,2,first quarter
1998,6,3,waxing gibbous
1998,6,4,waxing gibbous
1998,6,5,waxing gibbous
1998,6,6,waxing gibbous
1998,6,7,waxing gibbous
1998,6,8,waxing gibbous
1998,6,9,waxing gibbous
1998,6,10,full moon
1998,6,11,waning gibbous
1998,6,12,waning gibbous
1998,6,13,waning gibbous
1998,6,14,waning gibbous
1998,6,15,waning gibbous
1998,6,16,waning gibbous
1998,6,17,last quarter
1998,6,18,waning crescent
1998,6,19,waning crescent
1998,6,20,waning crescent
1998,6,21,waning crescent
1998,6,22,waning crescent
1998,6,23,waning crescent
1998,6,24,new moon
1998,6,25,waxing crescent
1998,6,26,waxing crescent
1998,6,27,waxing crescent
1998,6,28,waxing crescent
1998,6,29,waxing crescent
1998,6,30,waxing crescent
1998,7,1,first quarter
1998,7,2,waxing gibbous
1998,7,3,waxing gibbous
1998,7,4,waxing gibbous
1998,7,5,waxing gibbous
1998,7,6,waxing gibbous
1998,7,7,waxing gibbous
1998,7,8,waxing gibbous
1998,7,9,full moon
1998,7,10,waning gibbous
1998,7,11,waning gibbous
1998,7,12,waning gibbous
1998,7,13,waning gibbous
1998,7,14,waning gibbous
1998,7,15,waning gibbous
1998,7,16,last quarter
1998,7,17,waning crescent
1998,7,18,waning crescent
1998,7,19,waning crescent
1998,7,20,waning crescent
1998,7,21,waning crescent
1998,7,22,waning crescent
1998,7,23,new moon
1998,7,24,waxing crescent
1998,7,25,waxing crescent
1998,7,26,waxing crescent
1998,7,27,waxing crescent
1998,7,28,waxing crescent
1998,7,29,waxing crescent
1998,7,30,waxing crescent
1998,7,31,first quarter
1998,8,1,waxing gibbous
1998,8,2,waxing gibbous
1998,8,3,waxing gibbous
1998,8,4,waxing gibbous
1998,8,5,waxing gibbous
1998,8,6,waxing gibbous
1998,8,7,waxing gibbous
1998,8,8,full moon
1998,8,9,waning gibbous
1998,8,10,waning gibbous
1998,8,11,waning gibbous
1998,8,12,waning gibbous
1998,8,13,waning gibbous
1998,8,14,last quarter
1998,8,15,waning crescent
1998,8,16,waning crescent
1998,8,17,waning crescent
1998,8,18,waning crescent
1998,8,19,waning crescent
1998,8,20,waning crescent
1998,8,21,waning crescent
1998,8,22,new moon
1998,8,23,waxing crescent
1998,8,24,waxing crescent
1998,8,25,waxing crescent
1998,8,26,waxing crescent
1998,8,27,waxing crescent
1998,8,28,waxing crescent
1998,8,29,waxing crescent
1998,8,30,first quarter
1998,8,31,waxing gibbous
1998,9,1,waxing gibbous
1998,9,2,waxing gibbous
1998,9,3,waxing gibbous
1998,9,4,waxing gibbous
1998,9,5,waxing gibbous
1998,9,6,full moon
1998,9,7,waning gibbous
1998,9,8,waning gibbous
1998,9,9,waning gibbous
1998,9,10,waning gibbous
1998,9,11,waning gibbous
1998,9,12,waning gibbous
1998,9,13,last quarter
1998,9,14,waning crescent
1998,9,15,waning crescent
1998,9,16,waning crescent
1998,9,17,waning crescent
1998,9,18,waning crescent
1998,9,19,waning crescent
1998,9,20,new moon
1998,9,21,waxing crescent
1998,9,22,waxing crescent
1998,9,23,waxing crescent
1998,9,24,waxing crescent
1998,9,25,waxing crescent
1998,9,26,waxing crescent
1998,9,27,waxing crescent
1998,9,28,first quarter
1998,9,29,first quarter
1998,9,30,waxing gibbous
1998,10,1,waxing gibbous
1998,10,2,waxing gibbous
1998,10,3,waxing gibbous
1998,10,4,waxing gibbous
1998,10,5,full moon
1998,10,6,waning gibbous
1998,10,7,waning gibbous
1998,10,8,waning gibbous
1998,10,9,waning gibbous
1998,10,10,waning gibbous
1998,10,11,waning gibbous
1998,10,12,last quarter
1998,10,13,waning crescent
1998,10,14,waning crescent
1998,10,15,waning crescent
1998,10,16,waning crescent
1998,10,17,waning crescent
1998,10,18,waning crescent
1998,10,19,waning crescent
1998,10,20,new moon
1998,10,21,waxing crescent
1998,10,22,waxing crescent
1998,10,23,waxing crescent
1998,10,24,waxing crescent
1998,10,25,waxing crescent
1998,10,26,waxing crescent
1998,10,27,waxing crescent
1998,10,28,first quarter
1998,10,29,waxing gibbous
1998,10,30,waxing gibbous
1998,10,31,waxing gibbous
1998,11,1,waxing gibbous
1998,11,2,waxing gibbous
1998,11,3,waxing gibbous
1998,11,4,full moon
1998,11,5,waning gibbous
1998,11,6,waning gibbous
1998,11,7,waning gibbous
1998,11,8,waning gibbous
1998,11,9,waning gibbous
1998,11,10,last quarter
1998,11,11,last quarter
1998,11,12,waning crescent
1998,11,13,waning crescent
1998,11,14,waning crescent
1998,11,15,waning crescent
1998,11,16,waning crescent
1998,11,17,waning crescent
1998,11,18,waning crescent
1998,11,19,new moon
1998,11,20,waxing crescent
1998,11,21,waxing crescent
1998,11,22,waxing crescent
1998,11,23,waxing crescent
1998,11,24,waxing crescent
1998,11,25,waxing crescent
1998,11,26,first quarter
1998,11,27,first quarter
1998,11,28,waxing gibbous
1998,11,29,waxing gibbous
1998,11,30,waxing gibbous
1998,12,1,waxing gibbous
1998,12,2,waxing gibbous
1998,12,3,full moon
1998,12,4,waning gibbous
1998,12,5,waning gibbous
1998,12,6,waning gibbous
1998,12,7,waning gibbous
1998,12,8,waning gibbous
1998,12,9,waning gibbous
1998,12,10,last quarter
1998,12,11,waning crescent
1998,12,12,waning crescent
1998,12,13,waning crescent
1998,12,14,waning crescent
1998,12,15,waning crescent
1998,12,16,waning crescent
1998,12,17,waning crescent
1998,12,18,new moon
1998,12,19,waxing crescent
1998,12,20,waxing crescent
1998,12,21,waxing crescent
1998,12,22,waxing crescent
1998,12,23,waxing crescent
1998,12,24,waxing crescent
1998,12,25,waxing crescent
1998,12,26,first quarter
1998,12,27,waxing gibbous
1998,12,28,waxing gibbous
1998,12,29,waxing gibbous
1998,12,30,waxing gibbous
1998,12,31,waxing gibbous
1999,1,1,waxing gibbous
1999,1,2,full moon
1999,1,3,waning gibbous
1999,1,4,waning gibbous
1999,1,5,waning gibbous
1999,1,6,waning gibbous
1999,1,7,waning gibbous
1999,1,8,waning gibbous
1999,1,9,last quarter
1999,1,10,waning crescent
1999,1,11,waning crescent
1999,1,12,waning crescent
1999,1,13,waning crescent
1999,1,14,waning crescent
1999,1,15,waning crescent
1999,1,16,waning crescent
1999,1,17,new moon
1999,1,18,waxing crescent
1999,1,19,waxing crescent
1999,1,20,waxing crescent
1999,1,21,waxing crescent
1999,1,22,waxing crescent
1999,1,23,waxing crescent
1999,1,24,first quarter
1999,1,25,waxing gibbous
1999,1,26,waxing gibbous
1999,1,27,waxing gibbous
1999,1,28,waxing gibbous
1999,1,29,waxing gibbous
1999,1,30,waxing gibbous
1999,1,31,full moon
1999,2,1,waning gibbous
1999,2,2,waning gibbous
1999,2,3,waning gibbous
1999,2,4,waning gibbous
1999,2,5,waning gibbous
1999,2,6,waning gibbous
1999,2,7,waning gibbous
1999,2,8,last quarter
1999,2,9,waning crescent
1999,2,10,waning crescent
1999,2,11,waning crescent
1999,2,12,waning crescent
1999,2,13,waning crescent
1999,2,14,waning crescent
1999,2,15,waning crescent
1999,2,16,new moon
1999,2,17,waxing crescent
1999,2,18,waxing crescent
1999,2,19,waxing crescent
1999,2,20,waxing crescent
1999,2,21,waxing crescent
1999,2,22,waxing crescent
1999,2,23,first quarter
1999,2,24,waxing gibbous
1999,2,25,waxing gibbous
1999,2,26,waxing gibbous
1999,2,27,waxing gibbous
1999,2,28,waxing gibbous
1999,3,1,waxing gibbous
1999,3,2,full moon
1999,3,3,waning gibbous
1999,3,4,waning gibbous
1999,3,5,waning gibbous
1999,3,6,waning gibbous
1999,3,7,waning gibbous
1999,3,8,waning gibbous
1999,3,9,waning gibbous
1999,3,10,last quarter
1999,3,11,waning crescent
1999,3,12,waning crescent
1999,3,13,waning crescent
1999,3,14,waning crescent
1999,3,15,waning crescent
1999,3,16,waning crescent
1999,3,17,new moon
1999,3,18,waxing crescent
1999,3,19,waxing crescent
1999,3,20,waxing crescent
1999,3,21,waxing crescent
1999,3,22,waxing crescent
1999,3,23,waxing crescent
1999,3,24,first quarter
1999,3,25,waxing gibbous
1999,3,26,waxing gibbous
1999,3,27,waxing gibbous
1999,3,28,waxing gibbous
1999,3,29,waxing gibbous
1999,3,30,waxing gibbous
1999,3,31,full moon
1999,4,1,waning gibbous
1999,4,2,waning gibbous
1999,4,3,waning gibbous
1999,4,4,waning gibbous
1999,4,5,waning gibbous
1999,4,6,waning gibbous
1999,4,7,waning gibbous
1999,4,8,last quarter
1999,4,9,last quarter
1999,4,10,waning crescent
1999,4,11,waning crescent
1999,4,12,waning crescent
1999,4,13,waning crescent
1999,4,14,waning crescent
1999,4,15,waning crescent
1999,4,16,new moon
1999,4,17,waxing crescent
1999,4,18,waxing crescent
1999,4,19,waxing crescent
1999,4,20,waxing crescent
1999,4,21,waxing crescent
1999,4,22,first quarter
1999,4,23,waxing gibbous
1999,4,24,waxing gibbous
1999,4,25,waxing gibbous
1999,4,26,waxing gibbous
1999,4,27,waxing gibbous
1999,4,28,waxing gibbous
1999,4,29,waxing gibbous
1999,4,30,full moon
1999,5,1,waning gibbous
1999,5,2,waning gibbous
1999,5,3,waning gibbous
1999,5,4,waning gibbous
1999,5,5,waning gibbous
1999,5,6,waning gibbous
1999,5,7,waning gibbous
1999,5,8,last quarter
1999,5,9,waning crescent
1999,5,10,waning crescent
1999,5,11,waning crescent
1999,5,12,waning crescent
1999,5,13,waning crescent
1999,5,14,waning crescent
1999,5,15,new moon
1999,5,16,waxing crescent
1999,5,17,waxing crescent
1999,5,18,waxing crescent
1999,5,19,waxing crescent
1999,5,20,waxing crescent
1999,5,21,waxing crescent
1999,5,22,first quarter
1999,5,23,waxing gibbous
1999,5,24,waxing gibbous
1999,5,25,waxing gibbous
1999,5,26,waxing gibbous
1999,5,27,waxing gibbous
1999,5,28,waxing gibbous
1999,5,29,waxing gibbous
1999,5,30,full moon
1999,5,31,waning gibbous
1999,6,1,waning gibbous
1999,6,2,waning gibbous
1999,6,3,waning gibbous
1999,6,4,waning gibbous
1999,6,5,waning gibbous
1999,6,6,waning gibbous
1999,6,7,last quarter
1999,6,8,waning crescent
1999,6,9,waning crescent
1999,6,10,waning crescent
1999,6,11,waning crescent
1999,6,12,waning crescent
1999,6,13,new moon
1999,6,14,waxing crescent
1999,6,15,waxing crescent
1999,6,16,waxing crescent
1999,6,17,waxing crescent
1999,6,18,waxing crescent
1999,6,19,waxing crescent
1999,6,20,first quarter
1999,6,21,waxing gibbous
1999,6,22,waxing gibbous
1999,6,23,waxing gibbous
1999,6,24,waxing gibbous
1999,6,25,waxing gibbous
1999,6,26,waxing gibbous
1999,6,27,waxing gibbous
1999,6,28,full moon
1999,6,29,waning gibbous
1999,6,30,waning gibbous
1999,7,1,waning gibbous
1999,7,2,waning gibbous
1999,7,3,waning gibbous
1999,7,4,waning gibbous
1999,7,5,waning gibbous
1999,7,6,last quarter
1999,7,7,waning crescent
1999,7,8,waning crescent
1999,7,9,waning crescent
1999,7,10,waning crescent
1999,7,11,waning crescent
1999,7,12,waning crescent
1999,7,13,new moon
1999,7,14,waxing crescent
1999,7,15,waxing crescent
1999,7,16,waxing crescent
1999,7,17,waxing crescent
1999,7,18,waxing crescent
1999,7,19,waxing crescent
1999,7,20,first quarter
1999,7,21,waxing gibbous
1999,7,22,waxing gibbous
1999,7,23,waxing gibbous
1999,7,24,waxing gibbous
1999,7,25,waxing gibbous
1999,7,26,waxing gibbous
1999,7,27,waxing gibbous
1999,7,28,full moon
1999,7,29,waning gibbous
1999,7,30,waning gibbous
1999,7,31,waning gibbous
1999,8,1,waning gibbous
1999,8,2,waning gibbous
1999,8,3,waning gibbous
1999,8,4,last quarter
1999,8,5,waning crescent
1999,8,6,waning crescent
1999,8,7,waning crescent
1999,8,8,waning crescent
1999,8,9,waning crescent
1999,8,10,waning crescent
1999,8,11,new moon
1999,8,12,waxing crescent
1999,8,13,waxing crescent
1999,8,14,waxing crescent
1999,8,15,waxing crescent
1999,8,16,waxing crescent
1999,8,17,waxing crescent
1999,8,18,first quarter
1999,8,19,first quarter
1999,8,20,waxing gibbous
1999,8,21,waxing gibbous
1999,8,22,waxing gibbous
1999,8,23,waxing gibbous
1999,8,24,waxing gibbous
1999,8,25,waxing gibbous
1999,8,26,full moon
1999,8,27,waning gibbous
1999,8,28,waning gibbous
1999,8,29,waning gibbous
1999,8,30,waning gibbous
1999,8,31,waning gibbous
1999,9,1,waning gibbous
1999,9,2,last quarter
1999,9,3,waning crescent
1999,9,4,waning crescent
1999,9,5,waning crescent
1999,9,6,waning crescent
1999,9,7,waning crescent
1999,9,8,waning crescent
1999,9,9,new moon
1999,9,10,waxing crescent
1999,9,11,waxing crescent
1999,9,12,waxing crescent
1999,9,13,waxing crescent
1999,9,14,waxing crescent
1999,9,15,waxing crescent
1999,9,16,waxing crescent
1999,9,17,first quarter
1999,9,18,waxing gibbous
1999,9,19,waxing gibbous
1999,9,20,waxing gibbous
1999,9,21,waxing gibbous
1999,9,22,waxing gibbous
1999,9,23,waxing gibbous
1999,9,24,waxing gibbous
1999,9,25,full moon
1999,9,26,waning gibbous
1999,9,27,waning gibbous
1999,9,28,waning gibbous
1999,9,29,waning gibbous
1999,9,30,waning gibbous
1999,10,1,waning gibbous
1999,10,2,last quarter
1999,10,3,waning crescent
1999,10,4,waning crescent
1999,10,5,waning crescent
1999,10,6,waning crescent
1999,10,7,waning crescent
1999,10,8,waning crescent
1999,10,9,new moon
1999,10,10,waxing crescent
1999,10,11,waxing crescent
1999,10,12,waxing crescent
1999,10,13,waxing crescent
1999,10,14,waxing crescent
1999,10,15,waxing crescent
1999,10,16,waxing crescent
1999,10,17,first quarter
1999,10,18,waxing gibbous
1999,10,19,waxing gibbous
1999,10,20,waxing gibbous
1999,10,21,waxing gibbous
1999,10,22,waxing gibbous
1999,10,23,waxing gibbous
1999,10,24,full moon
1999,10,25,waning gibbous
1999,10,26,waning gibbous
1999,10,27,waning gibbous
1999,10,28,waning gibbous
1999,10,29,waning gibbous
1999,10,30,waning gibbous
1999,10,31,last quarter
1999,11,1,waning crescent
1999,11,2,waning crescent
1999,11,3,waning crescent
1999,11,4,waning crescent
1999,11,5,waning crescent
1999,11,6,waning crescent
1999,11,7,waning crescent
1999,11,8,new moon
1999,11,9,waxing crescent
1999,11,10,waxing crescent
1999,11,11,waxing crescent
1999,11,12,waxing crescent
1999,11,13,waxing crescent
1999,11,14,waxing crescent
1999,11,15,waxing crescent
1999,11,16,first quarter
1999,11,17,waxing gibbous
1999,11,18,waxing gibbous
1999,11,19,waxing gibbous
1999,11,20,waxing gibbous
1999,11,21,waxing gibbous
1999,11,22,waxing gibbous
1999,11,23,full moon
1999,11,24,waning gibbous
1999,11,25,waning gibbous
1999,11,26,waning gibbous
1999,11,27,waning gibbous
1999,11,28,waning gibbous
1999,11,29,last quarter
1999,11,30,last quarter
1999,12,1,waning crescent
1999,12,2,waning crescent
1999,12,3,waning crescent
1999,12,4,waning crescent
1999,12,5,waning crescent
1999,12,6,waning crescent
1999,12,7,new moon
1999,12,8,waxing crescent
1999,12,9,waxing crescent
1999,12,10,waxing crescent
1999,12,11,waxing crescent
1999,12,12,waxing crescent
1999,12,13,waxing crescent
1999,12,14,waxing crescent
1999,12,15,first quarter
1999,12,16,first quarter
1999,12,17,waxing gibbous
1999,12,18,waxing gibbous
1999,12,19,waxing gibbous
1999,12,20,waxing gibbous
1999,12,21,waxing gibbous
1999,12,22,full moon
1999,12,23,waning gibbous
1999,12,24,waning gibbous
1999,12,25,waning gibbous
1999,12,26,waning gibbous
1999,12,27,waning gibbous
1999,12,28,waning gibbous
1999,12,29,last quarter
1999,12,30,waning crescent
1999,12,31,waning crescent
2000,1,1,waning crescent
2000,1,2,waning crescent
2000,1,3,waning crescent
2000,1,4,waning crescent
2000,1,5,waning crescent
2000,1,6,new moon
2000,1,7,waxing crescent
2000,1,8,waxing crescent
2000,1,9,waxing crescent
2000,1,10,waxing crescent
2000,1,11,waxing crescent
2000,1,12,waxing crescent
2000,1,13,waxing crescent
2000,1,14,first quarter
2000,1,15,waxing gibbous
2000,1,16,waxing gibbous
2000,1,17,waxing gibbous
2000,1,18,waxing gibbous
2000,1,19,waxing gibbous
2000,1,20,waxing gibbous
2000,1,21,full moon
2000,1,22,waning gibbous
2000,1,23,waning gibbous
2000,1,24,waning gibbous
2000,1,25,waning gibbous
2000,1,26,waning gibbous
2000,1,27,waning gibbous
2000,1,28,last quarter
2000,1,29,waning crescent
2000,1,30,waning crescent
2000,1,31,waning crescent
2000,2,1,waning crescent
2000,2,2,waning crescent
2000,2,3,waning crescent
2000,2,4,waning crescent
2000,2,5,new moon
2000,2,6,waxing crescent
2000,2,7,waxing crescent
2000,2,8,waxing crescent
2000,2,9,waxing crescent
2000,2,10,waxing crescent
2000,2,11,waxing crescent
2000,2,12,first quarter
2000,2,13,first quarter
2000,2,14,waxing gibbous
2000,2,15,waxing gibbous
2000,2,16,waxing gibbous
2000,2,17,waxing gibbous
2000,2,18,waxing gibbous
2000,2,19,full moon
2000,2,20,waning gibbous
2000,2,21,waning gibbous
2000,2,22,waning gibbous
2000,2,23,waning gibbous
2000,2,24,waning gibbous
2000,2,25,waning gibbous
2000,2,26,waning gibbous
2000,2,27,last quarter
2000,2,28,waning crescent
2000,2,29,waning crescent
2000,3,1,waning crescent
2000,3,2,waning crescent
2000,3,3,waning crescent
2000,3,4,waning crescent
2000,3,5,waning crescent
2000,3,6,new moon
2000,3,7,waxing crescent
2000,3,8,waxing crescent
2000,3,9,waxing crescent
2000,3,10,waxing crescent
2000,3,11,waxing crescent
2000,3,12,waxing crescent
2000,3,13,first quarter
2000,3,14,waxing gibbous
2000,3,15,waxing gibbous
2000,3,16,waxing gibbous
2000,3,17,waxing gibbous
2000,3,18,waxing gibbous
2000,3,19,waxing gibbous
2000,3,20,full moon
2000,3,21,waning gibbous
2000,3,22,waning gibbous
2000,3,23,waning gibbous
2000,3,24,waning gibbous
2000,3,25,waning gibbous
2000,3,26,waning gibbous
2000,3,27,last quarter
2000,3,28,last quarter
2000,3,29,waning crescent
2000,3,30,waning crescent
2000,3,31,waning crescent
2000,4,1,waning crescent
2000,4,2,waning crescent
2000,4,3,waning crescent
2000,4,4,new moon
2000,4,5,waxing crescent
2000,4,6,waxing crescent
2000,4,7,waxing crescent
2000,4,8,waxing crescent
2000,4,9,waxing crescent
2000,4,10,waxing crescent
2000,4,11,first quarter
2000,4,12,waxing gibbous
2000,4,13,waxing gibbous
2000,4,14,waxing gibbous
2000,4,15,waxing gibbous
2000,4,16,waxing gibbous
2000,4,17,waxing gibbous
2000,4,18,full moon
2000,4,19,waning gibbous
2000,4,20,waning gibbous
2000,4,21,waning gibbous
2000,4,22,waning gibbous
2000,4,23,waning gibbous
2000,4,24,waning gibbous
2000,4,25,waning gibbous
2000,4,26,last quarter
2000,4,27,waning crescent
2000,4,28,waning crescent
2000,4,29,waning crescent
2000,4,30,waning crescent
2000,5,1,waning crescent
2000,5,2,waning crescent
2000,5,3,waning crescent
2000,5,4,new moon
2000,5,5,waxing crescent
2000,5,6,waxing crescent
2000,5,7,waxing crescent
2000,5,8,waxing crescent
2000,5,9,waxing crescent
2000,5,10,first quarter
2000,5,11,waxing gibbous
2000,5,12,waxing gibbous
2000,5,13,waxing gibbous
2000,5,14,waxing gibbous
2000,5,15,waxing gibbous
2000,5,16,waxing gibbous
2000,5,17,waxing gibbous
2000,5,18,full moon
2000,5,19,waning gibbous
2000,5,20,waning gibbous
2000,5,21,waning gibbous
2000,5,22,waning gibbous
2000,5,23,waning gibbous
2000,5,24,waning gibbous
2000,5,25,waning gibbous
2000,5,26,last quarter
2000,5,27,waning crescent
2000,5,28,waning crescent
2000,5,29,waning crescent
2000,5,30,waning crescent
2000,5,31,waning crescent
2000,6,1,waning crescent
2000,6,2,new moon
2000,6,3,waxing crescent
2000,6,4,waxing crescent
2000,6,5,waxing crescent
2000,6,6,waxing crescent
2000,6,7,waxing crescent
2000,6,8,waxing crescent
2000,6,9,first quarter
2000,6,10,waxing gibbous
2000,6,11,waxing gibbous
2000,6,12,waxing gibbous
2000,6,13,waxing gibbous
2000,6,14,waxing gibbous
2000,6,15,waxing gibbous
2000,6,16,full moon
2000,6,17,waning gibbous
2000,6,18,waning gibbous
2000,6,19,waning gibbous
2000,6,20,waning gibbous
2000,6,21,waning gibbous
2000,6,22,waning gibbous
2000,6,23,waning gibbous
2000,6,24,last quarter
2000,6,25,last quarter
2000,6,26,waning crescent
2000,6,27,waning crescent
2000,6,28,waning crescent
2000,6,29,waning crescent
2000,6,30,waning crescent
2000,7,1,new moon
2000,7,2,waxing crescent
2000,7,3,waxing crescent
2000,7,4,waxing crescent
2000,7,5,waxing crescent
2000,7,6,waxing crescent
2000,7,7,waxing crescent
2000,7,8,first quarter
2000,7,9,waxing gibbous
2000,7,10,waxing gibbous
2000,7,11,waxing gibbous
2000,7,12,waxing gibbous
2000,7,13,waxing gibbous
2000,7,14,waxing gibbous
2000,7,15,waxing gibbous
2000,7,16,full moon
2000,7,17,waning gibbous
2000,7,18,waning gibbous
2000,7,19,waning gibbous
2000,7,20,waning gibbous
2000,7,21,waning gibbous
2000,7,22,waning gibbous
2000,7,23,waning gibbous
2000,7,24,last quarter
2000,7,25,waning crescent
2000,7,26,waning crescent
2000,7,27,waning crescent
2000,7,28,waning crescent
2000,7,29,waning crescent
2000,7,30,waning crescent
2000,7,31,new moon
2000,8,1,waxing crescent
2000,8,2,waxing crescent
2000,8,3,waxing crescent
2000,8,4,waxing crescent
2000,8,5,waxing crescent
2000,8,6,first quarter
2000,8,7,first quarter
2000,8,8,waxing gibbous
2000,8,9,waxing gibbous
2000,8,10,waxing gibbous
2000,8,11,waxing gibbous
2000,8,12,waxing gibbous
2000,8,13,waxing gibbous
2000,8,14,waxing gibbous
2000,8,15,full moon
2000,8,16,waning gibbous
2000,8,17,waning gibbous
2000,8,18,waning gibbous
2000,8,19,waning gibbous
2000,8,20,waning gibbous
2000,8,21,waning gibbous
2000,8,22,last quarter
2000,8,23,waning crescent
2000,8,24,waning crescent
2000,8,25,waning crescent
2000,8,26,waning crescent
2000,8,27,waning crescent
2000,8,28,waning crescent
2000,8,29,new moon
2000,8,30,waxing crescent
2000,8,31,waxing crescent
2000,9,1,waxing crescent
2000,9,2,waxing crescent
2000,9,3,waxing crescent
2000,9,4,waxing crescent
2000,9,5,first quarter
2000,9,6,waxing gibbous
2000,9,7,waxing gibbous
2000,9,8,waxing gibbous
2000,9,9,waxing gibbous
2000,9,10,waxing gibbous
2000,9,11,waxing gibbous
2000,9,12,waxing gibbous
2000,9,13,full moon
2000,9,14,waning gibbous
2000,9,15,waning gibbous
2000,9,16,waning gibbous
2000,9,17,waning gibbous
2000,9,18,waning gibbous
2000,9,19,waning gibbous
2000,9,20,waning gibbous
2000,9,21,last quarter
2000,9,22,waning crescent
2000,9,23,waning crescent
2000,9,24,waning crescent
2000,9,25,waning crescent
2000,9,26,waning crescent
2000,9,27,new moon
2000,9,28,waxing crescent
2000,9,29,waxing crescent
2000,9,30,waxing crescent
2000,10,1,waxing crescent
2000,10,2,waxing crescent
2000,10,3,waxing crescent
2000,10,4,waxing crescent
2000,10,5,first quarter
2000,10,6,waxing gibbous
2000,10,7,waxing gibbous
2000,10,8,waxing gibbous
2000,10,9,waxing gibbous
2000,10,10,waxing gibbous
2000,10,11,waxing gibbous
2000,10,12,waxing gibbous
2000,10,13,full moon
2000,10,14,waning gibbous
2000,10,15,waning gibbous
2000,10,16,waning gibbous
2000,10,17,waning gibbous
2000,10,18,waning gibbous
2000,10,19,waning gibbous
2000,10,20,last quarter
2000,10,21,waning crescent
2000,10,22,waning crescent
2000,10,23,waning crescent
2000,10,24,waning crescent
2000,10,25,waning crescent
2000,10,26,waning crescent
2000,10,27,new moon
2000,10,28,waxing crescent
2000,10,29,waxing crescent
2000,10,30,waxing crescent
2000,10,31,waxing crescent
2000,11,1,waxing crescent
2000,11,2,waxing crescent
2000,11,3,waxing crescent
2000,11,4,first quarter
2000,11,5,waxing gibbous
2000,11,6,waxing gibbous
2000,11,7,waxing gibbous
2000,11,8,waxing gibbous
2000,11,9,waxing gibbous
2000,11,10,waxing gibbous
2000,11,11,full moon
2000,11,12,waning gibbous
2000,11,13,waning gibbous
2000,11,14,waning gibbous
2000,11,15,waning gibbous
2000,11,16,waning gibbous
2000,11,17,waning gibbous
2000,11,18,last quarter
2000,11,19,waning crescent
2000,11,20,waning crescent
2000,11,21,waning crescent
2000,11,22,waning crescent
2000,11,23,waning crescent
2000,11,24,waning crescent
2000,11,25,new moon
2000,11,26,waxing crescent
2000,11,27,waxing crescent
2000,11,28,waxing crescent
2000,11,29,waxing crescent
2000,11,30,waxing crescent
2000,12,1,waxing crescent
2000,12,2,waxing crescent
2000,12,3,waxing crescent
2000,12,4,first quarter
2000,12,5,waxing gibbous
2000,12,6,waxing gibbous
2000,12,7,waxing gibbous
2000,12,8,waxing gibbous
2000,12,9,waxing gibbous
2000,12,10,waxing gibbous
2000,12,11,full moon
2000,12,12,waning gibbous
2000,12,13,waning gibbous
2000,12,14,waning gibbous
2000,12,15,waning gibbous
2000,12,16,waning gibbous
2000,12,17,last quarter
2000,12,18,last quarter
2000,12,19,waning crescent
2000,12,20,waning crescent
2000,12,21,waning crescent
2000,12,22,waning crescent
2000,12,23,waning crescent
2000,12,24,waning crescent
2000,12,25,new moon
2000,12,26,waxing crescent
2000,12,27,waxing crescent
2000,12,28,waxing crescent
2000,12,29,waxing crescent
2000,12,30,waxing crescent
2000,12,31,waxing crescent
2001,1,1,waxing crescent
2001,1,2,first quarter
2001,1,3,first quarter
2001,1,4,waxing gibbous
2001,1,5,waxing gibbous
2001,1,6,waxing gibbous
2001,1,7,waxing gibbous
2001,1,8,waxing gibbous
2001,1,9,full moon
2001,1,10,waning gibbous
2001,1,11,waning gibbous
2001,1,12,waning gibbous
2001,1,13,waning gibbous
2001,1,14,waning gibbous
2001,1,15,waning gibbous
2001,1,16,last quarter
2001,1,17,waning crescent
2001,1,18,waning crescent
2001,1,19,waning crescent
2001,1,20,waning crescent
2001,1,21,waning crescent
2001,1,22,waning crescent
2001,1,23,waning crescent
2001,1,24,new moon
2001,1,25,waxing crescent
2001,1,26,waxing crescent
2001,1,27,waxing crescent
2001,1,28,waxing crescent
2001,1,29,waxing crescent
2001,1,30,waxing crescent
2001,1,31,waxing crescent
2001,2,1,first quarter
2001,2,2,waxing gibbous
2001,2,3,waxing gibbous
2001,2,4,waxing gibbous
2001,2,5,waxing gibbous
2001,2,6,waxing gibbous
2001,2,7,waxing gibbous
2001,2,8,full moon
2001,2,9,waning gibbous
2001,2,10,waning gibbous
2001,2,11,waning gibbous
2001,2,12,waning gibbous
2001,2,13,waning gibbous
2001,2,14,waning gibbous
2001,2,15,last quarter
2001,2,16,waning crescent
2001,2,17,waning crescent
2001,2,18,waning crescent
2001,2,19,waning crescent
2001,2,20,waning crescent
2001,2,21,waning crescent
2001,2,22,waning crescent
2001,2,23,new moon
2001,2,24,waxing crescent
2001,2,25,waxing crescent
2001,2,26,waxing crescent
2001,2,27,waxing crescent
2001,2,28,waxing crescent
2001,3,1,waxing crescent
2001,3,2,waxing crescent
2001,3,3,first quarter
2001,3,4,waxing gibbous
2001,3,5,waxing gibbous
2001,3,6,waxing gibbous
2001,3,7,waxing gibbous
2001,3,8,waxing gibbous
2001,3,9,full moon
2001,3,10,waning gibbous
2001,3,11,waning gibbous
2001,3,12,waning gibbous
2001,3,13,waning gibbous
2001,3,14,waning gibbous
2001,3,15,waning gibbous
2001,3,16,last quarter
2001,3,17,last quarter
2001,3,18,waning crescent
2001,3,19,waning crescent
2001,3,20,waning crescent
2001,3,21,waning crescent
2001,3,22,waning crescent
2001,3,23,waning crescent
2001,3,24,waning crescent
2001,3,25,new moon
2001,3,26,waxing crescent
2001,3,27,waxing crescent
2001,3,28,waxing crescent
2001,3,29,waxing crescent
2001,3,30,waxing crescent
2001,3,31,waxing crescent
2001,4,1,first quarter
2001,4,2,waxing gibbous
2001,4,3,waxing gibbous
2001,4,4,waxing gibbous
2001,4,5,waxing gibbous
2001,4,6,waxing gibbous
2001,4,7,waxing gibbous
2001,4,8,full moon
2001,4,9,waning gibbous
2001,4,10,waning gibbous
2001,4,11,waning gibbous
2001,4,12,waning gibbous
2001,4,13,waning gibbous
2001,4,14,waning gibbous
2001,4,15,last quarter
2001,4,16,waning crescent
2001,4,17,waning crescent
2001,4,18,waning crescent
2001,4,19,waning crescent
2001,4,20,waning crescent
2001,4,21,waning crescent
2001,4,22,waning crescent
2001,4,23,new moon
2001,4,24,waxing crescent
2001,4,25,waxing crescent
2001,4,26,waxing crescent
2001,4,27,waxing crescent
2001,4,28,waxing crescent
2001,4,29,waxing crescent
2001,4,30,first quarter
2001,5,1,waxing gibbous
2001,5,2,waxing gibbous
2001,5,3,waxing gibbous
2001,5,4,waxing gibbous
2001,5,5,waxing gibbous
2001,5,6,waxing gibbous
2001,5,7,full moon
2001,5,8,waning gibbous
2001,5,9,waning gibbous
2001,5,10,waning gibbous
2001,5,11,waning gibbous
2001,5,12,waning gibbous
2001,5,13,waning gibbous
2001,5,14,waning gibbous
2001,5,15,last quarter
2001,5,16,waning crescent
2001,5,17,waning crescent
2001,5,18,waning crescent
2001,5,19,waning crescent
2001,5,20,waning crescent
2001,5,21,waning crescent
2001,5,22,waning crescent
2001,5,23,new moon
2001,5,24,waxing crescent
2001,5,25,waxing crescent
2001,5,26,waxing crescent
2001,5,27,waxing crescent
2001,5,28,waxing crescent
2001,5,29,first quarter
2001,5,30,waxing gibbous
2001,5,31,waxing gibbous
2001,6,1,waxing gibbous
2001,6,2,waxing gibbous
2001,6,3,waxing gibbous
2001,6,4,waxing gibbous
2001,6,5,waxing gibbous
2001,6,6,full moon
2001,6,7,waning gibbous
2001,6,8,waning gibbous
2001,6,9,waning gibbous
2001,6,10,waning gibbous
2001,6,11,waning gibbous
2001,6,12,waning gibbous
2001,6,13,last quarter
2001,6,14,last quarter
2001,6,15,waning crescent
2001,6,16,waning crescent
2001,6,17,waning crescent
2001,6,18,waning crescent
2001,6,19,waning crescent
2001,6,20,waning crescent
2001,6,21,new moon
2001,6,22,waxing crescent
2001,6,23,waxing crescent
2001,6,24,waxing crescent
2001,6,25,waxing crescent
2001,6,26,waxing crescent
2001,6,27,waxing crescent
2001,6,28,first quarter
2001,6,29,waxing gibbous
2001,6,30,waxing gibbous
2001,7,1,waxing gibbous
2001,7,2,waxing gibbous
2001,7,3,waxing gibbous
2001,7,4,waxing gibbous
2001,7,5,full moon
2001,7,6,waning gibbous
2001,7,7,waning gibbous
2001,7,8,waning gibbous
2001,7,9,waning gibbous
2001,7,10,waning gibbous
2001,7,11,waning gibbous
2001,7,12,waning gibbous
2001,7,13,last quarter
2001,7,14,waning crescent
2001,7,15,waning crescent
2001,7,16,waning crescent
2001,7,17,waning crescent
2001,7,18,waning crescent
2001,7,19,waning crescent
2001,7,20,new moon
2001,7,21,waxing crescent
2001,7,22,waxing crescent
2001,7,23,waxing crescent
2001,7,24,waxing crescent
2001,7,25,waxing crescent
2001,7,26,waxing crescent
2001,7,27,first quarter
2001,7,28,waxing gibbous
2001,7,29,waxing gibbous
2001,7,30,waxing gibbous
2001,7,31,waxing gibbous
2001,8,1,waxing gibbous
2001,8,2,waxing gibbous
2001,8,3,waxing gibbous
2001,8,4,full moon
2001,8,5,waning gibbous
2001,8,6,waning gibbous
2001,8,7,waning gibbous
2001,8,8,waning gibbous
2001,8,9,waning gibbous
2001,8,10,waning gibbous
2001,8,11,waning gibbous
2001,8,12,last quarter
2001,8,13,waning crescent
2001,8,14,waning crescent
2001,8,15,waning crescent
2001,8,16,waning crescent
2001,8,17,waning crescent
2001,8,18,waning crescent
2001,8,19,new moon
2001,8,20,waxing crescent
2001,8,21,waxing crescent
2001,8,22,waxing crescent
2001,8,23,waxing crescent
2001,8,24,waxing crescent
2001,8,25,first quarter
2001,8,26,waxing gibbous
2001,8,27,waxing gibbous
2001,8,28,waxing gibbous
2001,8,29,waxing gibbous
2001,8,30,waxing gibbous
2001,8,31,waxing gibbous
2001,9,1,waxing gibbous
2001,9,2,full moon
2001,9,3,waning gibbous
2001,9,4,waning gibbous
2001,9,5,waning gibbous
2001,9,6,waning gibbous
2001,9,7,waning gibbous
2001,9,8,waning gibbous
2001,9,9,waning gibbous
2001,9,10,last quarter
2001,9,11,waning crescent
2001,9,12,waning crescent
2001,9,13,waning crescent
2001,9,14,waning crescent
2001,9,15,waning crescent
2001,9,16,waning crescent
2001,9,17,new moon
2001,9,18,waxing crescent
2001,9,19,waxing crescent
2001,9,20,waxing crescent
2001,9,21,waxing crescent
2001,9,22,waxing crescent
2001,9,23,waxing crescent
2001,9,24,first quarter
2001,9,25,waxing gibbous
2001,9,26,waxing gibbous
2001,9,27,waxing gibbous
2001,9,28,waxing gibbous
2001,9,29,waxing gibbous
2001,9,30,waxing gibbous
2001,10,1,waxing gibbous
2001,10,2,full moon
2001,10,3,waning gibbous
2001,10,4,waning gibbous
2001,10,5,waning gibbous
2001,10,6,waning gibbous
2001,10,7,waning gibbous
2001,10,8,waning gibbous
2001,10,9,waning gibbous
2001,10,10,last quarter
2001,10,11,waning crescent
2001,10,12,waning crescent
2001,10,13,waning crescent
2001,10,14,waning crescent
2001,10,15,waning crescent
2001,10,16,new moon
2001,10,17,waxing crescent
2001,10,18,waxing crescent
2001,10,19,waxing crescent
2001,10,20,waxing crescent
2001,10,21,waxing crescent
2001,10,22,waxing crescent
2001,10,23,first quarter
2001,10,24,first quarter
2001,10,25,waxing gibbous
2001,10,26,waxing gibbous
2001,10,27,waxing gibbous
2001,10,28,waxing gibbous
2001,10,29,waxing gibbous
2001,10,30,waxing gibbous
2001,10,31,waxing gibbous
2001,11,1,full moon
2001,11,2,waning gibbous
2001,11,3,waning gibbous
2001,11,4,waning gibbous
2001,11,5,waning gibbous
2001,11,6,waning gibbous
2001,11,7,waning gibbous
2001,11,8,last quarter
2001,11,9,waning crescent
2001,11,10,waning crescent
2001,11,11,waning crescent
2001,11,12,waning crescent
2001,11,13,waning crescent
2001,11,14,waning crescent
2001,11,15,new moon
2001,11,16,waxing crescent
2001,11,17,waxing crescent
2001,11,18,waxing crescent
2001,11,19,waxing crescent
2001,11,20,waxing crescent
2001,11,21,waxing crescent
2001,11,22,first quarter
2001,11,23,first quarter
2001,11,24,waxing gibbous
2001,11,25,waxing gibbous
2001,11,26,waxing gibbous
2001,11,27,waxing gibbous
2001,11,28,waxing gibbous
2001,11,29,waxing gibbous
2001,11,30,full moon
2001,12,1,waning gibbous
2001,12,2,waning gibbous
2001,12,3,waning gibbous
2001,12,4,waning gibbous
2001,12,5,waning gibbous
2001,12,6,waning gibbous
2001,12,7,last quarter
2001,12,8,waning crescent
2001,12,9,waning crescent
2001,12,10,waning crescent
2001,12,11,waning crescent
2001,12,12,waning crescent
2001,12,13,waning crescent
2001,12,14,new moon
2001,12,15,waxing crescent
2001,12,16,waxing crescent
2001,12,17,waxing crescent
2001,12,18,waxing crescent
2001,12,19,waxing crescent
2001,12,20,waxing crescent
2001,12,21,waxing crescent
2001,12,22,first quarter
2001,12,23,first quarter
2001,12,24,waxing gibbous
2001,12,25,waxing gibbous
2001,12,26,waxing gibbous
2001,12,27,waxing gibbous
2001,12,28,waxing gibbous
2001,12,29,waxing gibbous
2001,12,30,full moon
2001,12,31,waning gibbous
2002,1,1,waning gibbous
2002,1,2,waning gibbous
2002,1,3,waning gibbous
2002,1,4,waning gibbous
2002,1,5,waning gibbous
2002,1,6,last quarter
2002,1,7,waning crescent
2002,1,8,waning crescent
2002,1,9,waning crescent
2002,1,10,waning crescent
2002,1,11,waning crescent
2002,1,12,waning crescent
2002,1,13,new moon
2002,1,14,waxing crescent
2002,1,15,waxing crescent
2002,1,16,waxing crescent
2002,1,17,waxing crescent
2002,1,18,waxing crescent
2002,1,19,waxing crescent
2002,1,20,waxing crescent
2002,1,21,first quarter
2002,1,22,waxing gibbous
2002,1,23,waxing gibbous
2002,1,24,waxing gibbous
2002,1,25,waxing gibbous
2002,1,26,waxing gibbous
2002,1,27,waxing gibbous
2002,1,28,full moon
2002,1,29,waning gibbous
2002,1,30,waning gibbous
2002,1,31,waning gibbous
2002,2,1,waning gibbous
2002,2,2,waning gibbous
2002,2,3,waning gibbous
2002,2,4,last quarter
2002,2,5,waning crescent
2002,2,6,waning crescent
2002,2,7,waning crescent
2002,2,8,waning crescent
2002,2,9,waning crescent
2002,2,10,waning crescent
2002,2,11,waning crescent
2002,2,12,new moon
2002,2,13,waxing crescent
2002,2,14,waxing crescent
2002,2,15,waxing crescent
2002,2,16,waxing crescent
2002,2,17,waxing crescent
2002,2,18,waxing crescent
2002,2,19,waxing crescent
2002,2,20,first quarter
2002,2,21,waxing gibbous
2002,2,22,waxing gibbous
2002,2,23,waxing gibbous
2002,2,24,waxing gibbous
2002,2,25,waxing gibbous
2002,2,26,waxing gibbous
2002,2,27,full moon
2002,2,28,waning gibbous
2002,3,1,waning gibbous
2002,3,2,waning gibbous
2002,3,3,waning gibbous
2002,3,4,waning gibbous
2002,3,5,last quarter
2002,3,6,last quarter
2002,3,7,waning crescent
2002,3,8,waning crescent
2002,3,9,waning crescent
2002,3,10,waning crescent
2002,3,11,waning crescent
2002,3,12,waning crescent
2002,3,13,waning crescent
2002,3,14,new moon
2002,3,15,waxing crescent
2002,3,16,waxing crescent
2002,3,17,waxing crescent
2002,3,18,waxing crescent
2002,3,19,waxing crescent
2002,3,20,waxing crescent
2002,3,21,waxing crescent
2002,3,22,first quarter
2002,3,23,waxing gibbous
2002,3,24,waxing gibbous
2002,3,25,waxing gibbous
2002,3,26,waxing gibbous
2002,3,27,waxing gibbous
2002,3,28,full moon
2002,3,29,waning gibbous
2002,3,30,waning gibbous
2002,3,31,waning gibbous
2002,4,1,waning gibbous
2002,4,2,waning gibbous
2002,4,3,waning gibbous
2002,4,4,last quarter
2002,4,5,waning crescent
2002,4,6,waning crescent
2002,4,7,waning crescent
2002,4,8,waning crescent
2002,4,9,waning crescent
2002,4,10,waning crescent
2002,4,11,waning crescent
2002,4,12,new moon
2002,4,13,waxing crescent
2002,4,14,waxing crescent
2002,4,15,waxing crescent
2002,4,16,waxing crescent
2002,4,17,waxing crescent
2002,4,18,waxing crescent
2002,4,19,waxing crescent
2002,4,20,first quarter
2002,4,21,waxing gibbous
2002,4,22,waxing gibbous
2002,4,23,waxing gibbous
2002,4,24,waxing gibbous
2002,4,25,waxing gibbous
2002,4,26,waxing gibbous
2002,4,27,full moon
2002,4,28,waning gibbous
2002,4,29,waning gibbous
2002,4,30,waning gibbous
2002,5,1,waning gibbous
2002,5,2,waning gibbous
2002,5,3,waning gibbous
2002,5,4,last quarter
2002,5,5,waning crescent
2002,5,6,waning crescent
2002,5,7,waning crescent
2002,5,8,waning crescent
2002,5,9,waning crescent
2002,5,10,waning crescent
2002,5,11,waning crescent
2002,5,12,new moon
2002,5,13,waxing crescent
2002,5,14,waxing crescent
2002,5,15,waxing crescent
2002,5,16,waxing crescent
2002,5,17,waxing crescent
2002,5,18,waxing crescent
2002,5,19,first quarter
2002,5,20,waxing gibbous
2002,5,21,waxing gibbous
2002,5,22,waxing gibbous
2002,5,23,waxing gibbous
2002,5,24,waxing gibbous
2002,5,25,waxing gibbous
2002,5,26,full moon
2002,5,27,waning gibbous
2002,5,28,waning gibbous
2002,5,29,waning gibbous
2002,5,30,waning gibbous
2002,5,31,waning gibbous
2002,6,1,waning gibbous
2002,6,2,last quarter
2002,6,3,last quarter
2002,6,4,waning crescent
2002,6,5,waning crescent
2002,6,6,waning crescent
2002,6,7,waning crescent
2002,6,8,waning crescent
2002,6,9,waning crescent
2002,6,10,new moon
2002,6,11,waxing crescent
2002,6,12,waxing crescent
2002,6,13,waxing crescent
2002,6,14,waxing crescent
2002,6,15,waxing crescent
2002,6,16,waxing crescent
2002,6,17,first quarter
2002,6,18,first quarter
2002,6,19,waxing gibbous
2002,6,20,waxing gibbous
2002,6,21,waxing gibbous
2002,6,22,waxing gibbous
2002,6,23,waxing gibbous
2002,6,24,full moon
2002,6,25,waning gibbous
2002,6,26,waning gibbous
2002,6,27,waning gibbous
2002,6,28,waning gibbous
2002,6,29,waning gibbous
2002,6,30,waning gibbous
2002,7,1,waning gibbous
2002,7,2,last quarter
2002,7,3,waning crescent
2002,7,4,waning crescent
2002,7,5,waning crescent
2002,7,6,waning crescent
2002,7,7,waning crescent
2002,7,8,waning crescent
2002,7,9,waning crescent
2002,7,10,new moon
2002,7,11,waxing crescent
2002,7,12,waxing crescent
2002,7,13,waxing crescent
2002,7,14,waxing crescent
2002,7,15,waxing crescent
2002,7,16,waxing crescent
2002,7,17,first quarter
2002,7,18,waxing gibbous
2002,7,19,waxing gibbous
2002,7,20,waxing gibbous
2002,7,21,waxing gibbous
2002,7,22,waxing gibbous
2002,7,23,waxing gibbous
2002,7,24,full moon
2002,7,25,waning gibbous
2002,7,26,waning gibbous
2002,7,27,waning gibbous
2002,7,28,waning gibbous
2002,7,29,waning gibbous
2002,7,30,waning gibbous
2002,7,31,waning gibbous
2002,8,1,last quarter
2002,8,2,waning crescent
2002,8,3,waning crescent
2002,8,4,waning crescent
2002,8,5,waning crescent
2002,8,6,waning crescent
2002,8,7,waning crescent
2002,8,8,new moon
2002,8,9,waxing crescent
2002,8,10,waxing crescent
2002,8,11,waxing crescent
2002,8,12,waxing crescent
2002,8,13,waxing crescent
2002,8,14,waxing crescent
2002,8,15,first quarter
2002,8,16,waxing gibbous
2002,8,17,waxing gibbous
2002,8,18,waxing gibbous
2002,8,19,waxing gibbous
2002,8,20,waxing gibbous
2002,8,21,waxing gibbous
2002,8,22,full moon
2002,8,23,waning gibbous
2002,8,24,waning gibbous
2002,8,25,waning gibbous
2002,8,26,waning gibbous
2002,8,27,waning gibbous
2002,8,28,waning gibbous
2002,8,29,waning gibbous
2002,8,30,last quarter
2002,8,31,last quarter
2002,9,1,waning crescent
2002,9,2,waning crescent
2002,9,3,waning crescent
2002,9,4,waning crescent
2002,9,5,waning crescent
2002,9,6,waning crescent
2002,9,7,new moon
2002,9,8,waxing crescent
2002,9,9,waxing crescent
2002,9,10,waxing crescent
2002,9,11,waxing crescent
2002,9,12,waxing crescent
2002,9,13,first quarter
2002,9,14,waxing gibbous
2002,9,15,waxing gibbous
2002,9,16,waxing gibbous
2002,9,17,waxing gibbous
2002,9,18,waxing gibbous
2002,9,19,waxing gibbous
2002,9,20,waxing gibbous
2002,9,21,full moon
2002,9,22,waning gibbous
2002,9,23,waning gibbous
2002,9,24,waning gibbous
2002,9,25,waning gibbous
2002,9,26,waning gibbous
2002,9,27,waning gibbous
2002,9,28,waning gibbous
2002,9,29,last quarter
2002,9,30,waning crescent
2002,10,1,waning crescent
2002,10,2,waning crescent
2002,10,3,waning crescent
2002,10,4,waning crescent
2002,10,5,waning crescent
2002,10,6,new moon
2002,10,7,waxing crescent
2002,10,8,waxing crescent
2002,10,9,waxing crescent
2002,10,10,waxing crescent
2002,10,11,waxing crescent
2002,10,12,waxing crescent
2002,10,13,first quarter
2002,10,14,waxing gibbous
2002,10,15,waxing gibbous
2002,10,16,waxing gibbous
2002,10,17,waxing gibbous
2002,10,18,waxing gibbous
2002,10,19,waxing gibbous
2002,10,20,waxing gibbous
2002,10,21,full moon
2002,10,22,waning gibbous
2002,10,23,waning gibbous
2002,10,24,waning gibbous
2002,10,25,waning gibbous
2002,10,26,waning gibbous
2002,10,27,waning gibbous
2002,10,28,waning gibbous
2002,10,29,last quarter
2002,10,30,waning crescent
2002,10,31,waning crescent
2002,11,1,waning crescent
2002,11,2,waning crescent
2002,11,3,waning crescent
2002,11,4,new moon
2002,11,5,waxing crescent
2002,11,6,waxing crescent
2002,11,7,waxing crescent
2002,11,8,waxing crescent
2002,11,9,waxing crescent
2002,11,10,waxing crescent
2002,11,11,first quarter
2002,11,12,first quarter
2002,11,13,waxing gibbous
2002,11,14,waxing gibbous
2002,11,15,waxing gibbous
2002,11,16,waxing gibbous
2002,11,17,waxing gibbous
2002,11,18,waxing gibbous
2002,11,19,waxing gibbous
2002,11,20,full moon
2002,11,21,waning gibbous
2002,11,22,waning gibbous
2002,11,23,waning gibbous
2002,11,24,waning gibbous
2002,11,25,waning gibbous
2002,11,26,waning gibbous
2002,11,27,last quarter
2002,11,28,waning crescent
2002,11,29,waning crescent
2002,11,30,waning crescent
2002,12,1,waning crescent
2002,12,2,waning crescent
2002,12,3,waning crescent
2002,12,4,new moon
2002,12,5,waxing crescent
2002,12,6,waxing crescent
2002,12,7,waxing crescent
2002,12,8,waxing crescent
2002,12,9,waxing crescent
2002,12,10,waxing crescent
2002,12,11,first quarter
2002,12,12,waxing gibbous
2002,12,13,waxing gibbous
2002,12,14,waxing gibbous
2002,12,15,waxing gibbous
2002,12,16,waxing gibbous
2002,12,17,waxing gibbous
2002,12,18,waxing gibbous
2002,12,19,full moon
2002,12,20,waning gibbous
2002,12,21,waning gibbous
2002,12,22,waning gibbous
2002,12,23,waning gibbous
2002,12,24,waning gibbous
2002,12,25,waning gibbous
2002,12,26,last quarter
2002,12,27,last quarter
2002,12,28,waning crescent
2002,12,29,waning crescent
2002,12,30,waning crescent
2002,12,31,waning crescent
2003,1,1,waning crescent
2003,1,2,new moon
2003,1,3,waxing crescent
2003,1,4,waxing crescent
2003,1,5,waxing crescent
2003,1,6,waxing crescent
2003,1,7,waxing crescent
2003,1,8,waxing crescent
2003,1,9,waxing crescent
2003,1,10,first quarter
2003,1,11,waxing gibbous
2003,1,12,waxing gibbous
2003,1,13,waxing gibbous
2003,1,14,waxing gibbous
2003,1,15,waxing gibbous
2003,1,16,waxing gibbous
2003,1,17,waxing gibbous
2003,1,18,full moon
2003,1,19,waning gibbous
2003,1,20,waning gibbous
2003,1,21,waning gibbous
2003,1,22,waning gibbous
2003,1,23,waning gibbous
2003,1,24,waning gibbous
2003,1,25,last quarter
2003,1,26,waning crescent
2003,1,27,waning crescent
2003,1,28,waning crescent
2003,1,29,waning crescent
2003,1,30,waning crescent
2003,1,31,waning crescent
2003,2,1,new moon
2003,2,2,waxing crescent
2003,2,3,waxing crescent
2003,2,4,waxing crescent
2003,2,5,waxing crescent
2003,2,6,waxing crescent
2003,2,7,waxing crescent
2003,2,8,waxing crescent
2003,2,9,first quarter
2003,2,10,waxing gibbous
2003,2,11,waxing gibbous
2003,2,12,waxing gibbous
2003,2,13,waxing gibbous
2003,2,14,waxing gibbous
2003,2,15,waxing gibbous
2003,2,16,full moon
2003,2,17,waning gibbous
2003,2,18,waning gibbous
2003,2,19,waning gibbous
2003,2,20,waning gibbous
2003,2,21,waning gibbous
2003,2,22,waning gibbous
2003,2,23,last quarter
2003,2,24,waning crescent
2003,2,25,waning crescent
2003,2,26,waning crescent
2003,2,27,waning crescent
2003,2,28,waning crescent
2003,3,1,waning crescent
2003,3,2,waning crescent
2003,3,3,new moon
2003,3,4,waxing crescent
2003,3,5,waxing crescent
2003,3,6,waxing crescent
2003,3,7,waxing crescent
2003,3,8,waxing crescent
2003,3,9,waxing crescent
2003,3,10,waxing crescent
2003,3,11,first quarter
2003,3,12,waxing gibbous
2003,3,13,waxing gibbous
2003,3,14,waxing gibbous
2003,3,15,waxing gibbous
2003,3,16,waxing gibbous
2003,3,17,waxing gibbous
2003,3,18,full moon
2003,3,19,waning gibbous
2003,3,20,waning gibbous
2003,3,21,waning gibbous
2003,3,22,waning gibbous
2003,3,23,waning gibbous
2003,3,24,waning gibbous
2003,3,25,last quarter
2003,3,26,waning crescent
2003,3,27,waning crescent
2003,3,28,waning crescent
2003,3,29,waning crescent
2003,3,30,waning crescent
2003,3,31,waning crescent
2003,4,1,new moon
2003,4,2,waxing crescent
2003,4,3,waxing crescent
2003,4,4,waxing crescent
2003,4,5,waxing crescent
2003,4,6,waxing crescent
2003,4,7,waxing crescent
2003,4,8,waxing crescent
2003,4,9,first quarter
2003,4,10,first quarter
2003,4,11,waxing gibbous
2003,4,12,waxing gibbous
2003,4,13,waxing gibbous
2003,4,14,waxing gibbous
2003,4,15,waxing gibbous
2003,4,16,full moon
2003,4,17,waning gibbous
2003,4,18,waning gibbous
2003,4,19,waning gibbous
2003,4,20,waning gibbous
2003,4,21,waning gibbous
2003,4,22,waning gibbous
2003,4,23,last quarter
2003,4,24,waning crescent
2003,4,25,waning crescent
2003,4,26,waning crescent
2003,4,27,waning crescent
2003,4,28,waning crescent
2003,4,29,waning crescent
2003,4,30,waning crescent
2003,5,1,new moon
2003,5,2,waxing crescent
2003,5,3,waxing crescent
2003,5,4,waxing crescent
2003,5,5,waxing crescent
2003,5,6,waxing crescent
2003,5,7,waxing crescent
2003,5,8,waxing crescent
2003,5,9,first quarter
2003,5,10,waxing gibbous
2003,5,11,waxing gibbous
2003,5,12,waxing gibbous
2003,5,13,waxing gibbous
2003,5,14,waxing gibbous
2003,5,15,waxing gibbous
2003,5,16,full moon
2003,5,17,waning gibbous
2003,5,18,waning gibbous
2003,5,19,waning gibbous
2003,5,20,waning gibbous
2003,5,21,waning gibbous
2003,5,22,last quarter
2003,5,23,last quarter
2003,5,24,waning crescent
2003,5,25,waning crescent
2003,5,26,waning crescent
2003,5,27,waning crescent
2003,5,28,waning crescent
2003,5,29,waning crescent
2003,5,30,waning crescent
2003,5,31,new moon
2003,6,1,waxing crescent
2003,6,2,waxing crescent
2003,6,3,waxing crescent
2003,6,4,waxing crescent
2003,6,5,waxing crescent
2003,6,6,waxing crescent
2003,6,7,first quarter
2003,6,8,waxing gibbous
2003,6,9,waxing gibbous
2003,6,10,waxing gibbous
2003,6,11,waxing gibbous
2003,6,12,waxing gibbous
2003,6,13,waxing gibbous
2003,6,14,full moon
2003,6,15,waning gibbous
2003,6,16,waning gibbous
2003,6,17,waning gibbous
2003,6,18,waning gibbous
2003,6,19,waning gibbous
2003,6,20,waning gibbous
2003,6,21,last quarter
2003,6,22,waning crescent
2003,6,23,waning crescent
2003,6,24,waning crescent
2003,6,25,waning crescent
2003,6,26,waning crescent
2003,6,27,waning crescent
2003,6,28,waning crescent
2003,6,29,new moon
2003,6,30,waxing crescent
2003,7,1,waxing crescent
2003,7,2,waxing crescent
2003,7,3,waxing crescent
2003,7,4,waxing crescent
2003,7,5,waxing crescent
2003,7,6,waxing crescent
2003,7,7,first quarter
2003,7,8,waxing gibbous
2003,7,9,waxing gibbous
2003,7,10,waxing gibbous
2003,7,11,waxing gibbous
2003,7,12,waxing gibbous
2003,7,13,full moon
2003,7,14,waning gibbous
2003,7,15,waning gibbous
2003,7,16,waning gibbous
2003,7,17,waning gibbous
2003,7,18,waning gibbous
2003,7,19,waning gibbous
2003,7,20,waning gibbous
2003,7,21,last quarter
2003,7,22,waning crescent
2003,7,23,waning crescent
2003,7,24,waning crescent
2003,7,25,waning crescent
2003,7,26,waning crescent
2003,7,27,waning crescent
2003,7,28,waning crescent
2003,7,29,new moon
2003,7,30,waxing crescent
2003,7,31,waxing crescent
2003,8,1,waxing crescent
2003,8,2,waxing crescent
2003,8,3,waxing crescent
2003,8,4,waxing crescent
2003,8,5,first quarter
2003,8,6,waxing gibbous
2003,8,7,waxing gibbous
2003,8,8,waxing gibbous
2003,8,9,waxing gibbous
2003,8,10,waxing gibbous
2003,8,11,waxing gibbous
2003,8,12,full moon
2003,8,13,waning gibbous
2003,8,14,waning gibbous
2003,8,15,waning gibbous
2003,8,16,waning gibbous
2003,8,17,waning gibbous
2003,8,18,waning gibbous
2003,8,19,last quarter
2003,8,20,last quarter
2003,8,21,waning crescent
2003,8,22,waning crescent
2003,8,23,waning crescent
2003,8,24,waning crescent
2003,8,25,waning crescent
2003,8,26,waning crescent
2003,8,27,new moon
2003,8,28,waxing crescent
2003,8,29,waxing crescent
2003,8,30,waxing crescent
2003,8,31,waxing crescent
2003,9,1,waxing crescent
2003,9,2,waxing crescent
2003,9,3,first quarter
2003,9,4,waxing gibbous
2003,9,5,waxing gibbous
2003,9,6,waxing gibbous
2003,9,7,waxing gibbous
2003,9,8,waxing gibbous
2003,9,9,waxing gibbous
2003,9,10,full moon
2003,9,11,waning gibbous
2003,9,12,waning gibbous
2003,9,13,waning gibbous
2003,9,14,waning gibbous
2003,9,15,waning gibbous
2003,9,16,waning gibbous
2003,9,17,waning gibbous
2003,9,18,last quarter
2003,9,19,waning crescent
2003,9,20,waning crescent
2003,9,21,waning crescent
2003,9,22,waning crescent
2003,9,23,waning crescent
2003,9,24,waning crescent
2003,9,25,waning crescent
2003,9,26,new moon
2003,9,27,waxing crescent
2003,9,28,waxing crescent
2003,9,29,waxing crescent
2003,9,30,waxing crescent
2003,10,1,waxing crescent
2003,10,2,first quarter
2003,10,3,waxing gibbous
2003,10,4,waxing gibbous
2003,10,5,waxing gibbous
2003,10,6,waxing gibbous
2003,10,7,waxing gibbous
2003,10,8,waxing gibbous
2003,10,9,waxing gibbous
2003,10,10,full moon
2003,10,11,waning gibbous
2003,10,12,waning gibbous
2003,10,13,waning gibbous
2003,10,14,waning gibbous
2003,10,15,waning gibbous
2003,10,16,waning gibbous
2003,10,17,waning gibbous
2003,10,18,last quarter
2003,10,19,waning crescent
2003,10,20,waning crescent
2003,10,21,waning crescent
2003,10,22,waning crescent
2003,10,23,waning crescent
2003,10,24,waning crescent
2003,10,25,new moon
2003,10,26,waxing crescent
2003,10,27,waxing crescent
2003,10,28,waxing crescent
2003,10,29,waxing crescent
2003,10,30,waxing crescent
2003,10,31,waxing crescent
2003,11,1,first quarter
2003,11,2,waxing gibbous
2003,11,3,waxing gibbous
2003,11,4,waxing gibbous
2003,11,5,waxing gibbous
2003,11,6,waxing gibbous
2003,11,7,waxing gibbous
2003,11,8,waxing gibbous
2003,11,9,full moon
2003,11,10,waning gibbous
2003,11,11,waning gibbous
2003,11,12,waning gibbous
2003,11,13,waning gibbous
2003,11,14,waning gibbous
2003,11,15,waning gibbous
2003,11,16,waning gibbous
2003,11,17,last quarter
2003,11,18,waning crescent
2003,11,19,waning crescent
2003,11,20,waning crescent
2003,11,21,waning crescent
2003,11,22,waning crescent
2003,11,23,new moon
2003,11,24,waxing crescent
2003,11,25,waxing crescent
2003,11,26,waxing crescent
2003,11,27,waxing crescent
2003,11,28,waxing crescent
2003,11,29,waxing crescent
2003,11,30,first quarter
2003,12,1,waxing gibbous
2003,12,2,waxing gibbous
2003,12,3,waxing gibbous
2003,12,4,waxing gibbous
2003,12,5,waxing gibbous
2003,12,6,waxing gibbous
2003,12,7,waxing gibbous
2003,12,8,full moon
2003,12,9,waning gibbous
2003,12,10,waning gibbous
2003,12,11,waning gibbous
2003,12,12,waning gibbous
2003,12,13,waning gibbous
2003,12,14,waning gibbous
2003,12,15,waning gibbous
2003,12,16,last quarter
2003,12,17,waning crescent
2003,12,18,waning crescent
2003,12,19,waning crescent
2003,12,20,waning crescent
2003,12,21,waning crescent
2003,12,22,waning crescent
2003,12,23,new moon
2003,12,24,waxing crescent
2003,12,25,waxing crescent
2003,12,26,waxing crescent
2003,12,27,waxing crescent
2003,12,28,waxing crescent
2003,12,29,waxing crescent
2003,12,30,first quarter
2003,12,31,waxing gibbous
